Id,Expected
0,65
1,25
2,48
3,0
4,6
5,42
6,17
7,420
8,0
9,0
10,2
11,18
12,0
13,30
14,2
15,235
16,21
17,33
18,8
19,0
20,10
21,0
22,1
23,0
24,156
25,25
26,9
27,3
28,322
29,10
30,15
31,12
32,3
33,7
34,0
35,172
36,10
37,20
38,3
39,0
40,32
41,23
42,1
43,0
44,73
45,1
46,9
47,26
48,0
49,0
50,17
51,69
52,7
53,45
54,1
55,1
56,31
57,95
58,1
59,4
60,50
61,5
62,5
63,28
64,7
65,2
66,29
67,0
68,0
69,235
70,171
71,2
72,0
73,0
74,0
75,5
76,26
77,0
78,215
79,23
80,0
81,0
82,59
83,4
84,1
85,0
86,18
87,11
88,8
89,1121
90,29
91,6
92,0
93,23
94,0
95,9
96,0
97,6
98,27
99,5
100,15
101,8
102,8
103,3
104,57
105,35
106,2
107,0
108,41
109,0
110,0
111,113
112,1
113,8
114,171
115,12
116,7
117,146
118,5
119,0
120,26
121,1
122,8
123,65
124,0
125,67
126,0
127,3
128,3
129,12
130,0
131,34
132,28
133,2
134,5
135,30
136,28
137,2
138,0
139,33
140,3
141,3
142,4
143,0
144,12
145,17
146,8
147,17
148,0
149,26
150,0
151,10
152,2
153,18
154,0
155,0
156,0
157,0
158,362
159,1
160,1
161,20
162,80
163,15
164,70
165,0
166,6
167,10
168,14
169,2
170,7
171,29
172,4
173,2
174,115
175,3
176,19
177,4
178,9
179,398
180,3
181,54
182,0
183,1
184,0
185,325
186,4
187,0
188,2
189,0
190,91
191,1
192,35
193,0
194,37
195,17
196,0
197,20
198,14
199,4
200,102
201,11
202,0
203,153
204,0
205,6
206,0
207,1
208,63
209,0
210,1
211,7
212,105
213,24
214,20
215,0
216,6
217,4
218,185
219,39
220,5
221,43
222,0
223,3
224,91
225,8
226,2
227,25
228,92
229,3
230,30
231,5
232,1
233,3
234,92
235,0
236,7
237,19
238,0
239,5
240,3
241,0
242,16
243,0
244,16
245,3168
246,9
247,8
248,1
249,149
250,1
251,3
252,2
253,15
254,28
255,3
256,85
257,0
258,51
259,0
260,0
261,0
262,37
263,8
264,3
265,8
266,3
267,28
268,3
269,0
270,143
271,0
272,8
273,1
274,1
275,0
276,127
277,52
278,211
279,25
280,4
281,4
282,78
283,6
284,0
285,0
286,11
287,0
288,14
289,0
290,2
291,1
292,1
293,15
294,3
295,0
296,0
297,2
298,5
299,132
300,18
301,0
302,0
303,35
304,0
305,2
306,9
307,5
308,4
309,12
310,1774
311,7
312,6
313,1
314,0
315,0
316,0
317,18
318,81
319,0
320,4
321,31
322,0
323,191
324,3
325,0
326,23
327,20
328,0
329,0
330,17
331,21
332,10
333,10
334,86
335,1
336,651
337,10
338,65
339,1
340,7
341,633
342,12
343,11
344,40
345,17
346,3
347,0
348,66
349,15
350,1
351,5
352,0
353,0
354,8
355,0
356,610
357,0
358,0
359,84
360,4
361,15
362,8
363,50
364,0
365,0
366,5
367,27
368,15
369,10
370,6
371,219
372,5
373,10
374,1
375,39
376,39
377,0
378,8
379,6
380,12
381,0
382,146
383,166
384,0
385,0
386,82
387,15
388,15
389,70
390,77
391,4
392,19
393,1
394,0
395,1
396,21
397,1
398,0
399,50
400,10
401,100
402,434
403,0
404,3
405,3
406,0
407,0
408,0
409,0
410,2
411,7
412,44
413,223
414,0
415,1
416,22
417,186
418,12
419,354
420,0
421,0
422,24
423,7
424,19
425,1
426,0
427,1
428,0
429,30
430,1
431,11
432,1
433,343
434,1
435,10
436,289
437,0
438,0
439,6
440,1
441,1
442,10
443,7
444,15
445,0
446,10
447,5
448,2
449,9
450,1
451,3
452,0
453,3
454,101
455,444
456,2
457,4
458,1
459,34
460,0
461,197
462,0
463,0
464,0
465,12
466,7
467,16
468,3
469,2
470,7
471,1
472,2
473,3
474,3
475,195
476,0
477,332
478,167
479,3
480,1
481,103
482,0
483,57
484,1
485,2
486,7
487,0
488,15
489,0
490,0
491,1
492,100
493,4
494,10
495,0
496,0
497,11
498,0
499,0
500,1
501,2
502,13
503,10
504,4
505,0
506,0
507,10
508,1433
509,19
510,0
511,126
512,13
513,119
514,116
515,36
516,3
517,2
518,1
519,5
520,7
521,14
522,8
523,9
524,0
525,2
526,0
527,2
528,6
529,3
530,9
531,14
532,0
533,4
534,0
535,628
536,1
537,26
538,3
539,85
540,1
541,181
542,2
543,1
544,0
545,477
546,17
547,10
548,2
549,418
550,10
551,0
552,2
553,2
554,5
555,0
556,5
557,1
558,0
559,2
560,18
561,1411
562,6
563,3
564,2
565,0
566,3
567,2
568,317
569,4
570,10
571,2
572,2
573,5
574,27
575,3
576,105
577,39
578,32
579,18
580,2
581,0
582,53
583,0
584,6
585,4
586,4
587,11
588,5
589,0
590,100
591,0
592,1
593,9
594,0
595,5
596,0
597,2
598,10
599,2
600,0
601,9
602,11
603,0
604,1660
605,3
606,6
607,7
608,1
609,10
610,0
611,9
612,0
613,4
614,3
615,16
616,7
617,4
618,1
619,690
620,0
621,7
622,45
623,13
624,0
625,25
626,7
627,1
628,5
629,0
630,20
631,40
632,40
633,5
634,3
635,119
636,31
637,10
638,238
639,3
640,2
641,0
642,11
643,0
644,0
645,5
646,2
647,23
648,77
649,1
650,16
651,5
652,6
653,0
654,14
655,56
656,13
657,1085
658,6
659,6
660,2
661,39
662,0
663,0
664,0
665,0
666,1
667,164
668,2
669,0
670,76
671,19
672,0
673,0
674,0
675,0
676,30
677,14
678,3
679,0
680,0
681,4
682,0
683,4
684,36
685,0
686,0
687,14
688,0
689,13
690,39
691,2
692,18
693,4
694,0
695,1
696,2
697,0
698,1
699,0
700,2
701,2
702,9
703,8
704,2
705,20
706,0
707,8
708,0
709,1
710,13
711,84
712,3
713,49
714,1
715,15
716,46
717,2
718,1
719,0
720,2
721,71
722,2
723,7
724,0
725,0
726,7
727,2
728,0
729,0
730,89
731,41
732,35
733,0
734,0
735,31
736,41
737,10
738,146
739,0
740,476
741,14
742,152
743,47
744,11
745,35
746,8
747,455
748,0
749,1
750,0
751,23
752,2
753,0
754,159
755,46
756,7
757,9
758,3
759,0
760,34
761,15
762,55
763,44
764,0
765,120
766,0
767,0
768,2
769,2
770,0
771,0
772,437
773,17
774,47
775,0
776,11
777,4
778,0
779,1
780,1
781,15
782,255
783,6
784,1
785,75
786,6
787,24
788,11
789,19
790,4
791,9
792,3
793,12
794,104
795,22
796,3
797,5
798,114
799,92
800,1
801,0
802,6
803,3
804,1
805,32
806,270
807,2
808,4
809,7
810,141
811,610
812,0
813,5
814,827
815,84
816,1
817,12
818,1
819,7
820,7
821,2
822,8
823,25
824,0
825,97
826,2
827,12
828,6
829,1
830,3
831,31
832,0
833,29
834,22
835,0
836,10
837,22
838,68
839,1
840,2
841,6
842,19
843,3
844,0
845,45
846,4
847,0
848,1
849,3
850,8
851,0
852,11
853,8
854,4
855,0
856,0
857,5
858,291
859,69
860,0
861,4
862,2
863,22
864,390
865,0
866,10
867,2
868,8
869,0
870,14
871,1
872,101
873,88
874,3
875,3
876,2
877,4
878,4
879,1
880,0
881,25
882,26
883,0
884,4
885,17
886,15
887,1
888,4
889,6
890,8
891,0
892,6
893,11
894,12
895,2
896,1
897,47
898,9
899,1
900,8
901,0
902,5
903,5
904,289
905,0
906,0
907,0
908,27
909,0
910,3
911,2
912,0
913,0
914,1
915,80
916,6
917,11
918,4
919,36
920,0
921,14
922,0
923,336
924,1
925,1
926,6
927,46
928,0
929,2
930,4
931,321
932,4
933,18
934,0
935,5
936,0
937,0
938,97
939,2
940,41
941,6
942,5
943,121
944,7
945,23
946,6
947,3
948,17
949,0
950,92
951,4
952,0
953,139
954,9
955,0
956,10
957,7
958,0
959,6
960,1
961,4
962,1
963,3
964,15
965,5
966,0
967,40
968,12
969,2
970,0
971,0
972,85
973,13
974,1
975,3
976,23
977,45
978,8
979,12
980,63
981,0
982,0
983,0
984,127
985,8
986,29
987,0
988,0
989,9
990,140
991,0
992,12
993,0
994,0
995,0
996,0
997,14
998,1
999,0
1000,0
1001,2
1002,19
1003,0
1004,0
1005,2
1006,0
1007,1
1008,488
1009,8
1010,7
1011,10
1012,0
1013,24
1014,0
1015,2
1016,1
1017,15
1018,0
1019,136
1020,1
1021,0
1022,0
1023,23
1024,0
1025,49
1026,11
1027,1
1028,0
1029,0
1030,3
1031,0
1032,19
1033,0
1034,0
1035,0
1036,3
1037,0
1038,0
1039,358
1040,285
1041,4
1042,0
1043,9
1044,0
1045,4
1046,5
1047,9
1048,0
1049,578
1050,0
1051,34
1052,112
1053,33
1054,0
1055,7
1056,0
1057,343
1058,1
1059,14
1060,50
1061,6
1062,3
1063,0
1064,0
1065,5
1066,90
1067,216
1068,6
1069,0
1070,183
1071,0
1072,2
1073,8
1074,28
1075,2
1076,0
1077,0
1078,1
1079,35
1080,14
1081,0
1082,0
1083,5
1084,47
1085,54
1086,3
1087,20
1088,17
1089,3
1090,1
1091,0
1092,0
1093,15
1094,0
1095,20
1096,9
1097,0
1098,22
1099,55
1100,10
1101,93
1102,0
1103,5
1104,0
1105,7
1106,0
1107,11
1108,11
1109,12
1110,141
1111,9
1112,160
1113,0
1114,0
1115,16
1116,3
1117,1
1118,8
1119,14
1120,3
1121,64
1122,9
1123,3
1124,9
1125,1
1126,7
1127,20
1128,6
1129,3
1130,0
1131,0
1132,7
1133,12
1134,0
1135,2
1136,0
1137,2
1138,2
1139,347
1140,12
1141,0
1142,16
1143,7
1144,0
1145,2
1146,2
1147,0
1148,94
1149,10
1150,189
1151,13
1152,14
1153,7
1154,0
1155,22
1156,14
1157,3
1158,4
1159,53
1160,5
1161,2
1162,1
1163,114
1164,5
1165,1
1166,0
1167,0
1168,72
1169,7
1170,6
1171,4
1172,0
1173,5
1174,72
1175,37
1176,2
1177,4
1178,0
1179,36
1180,0
1181,67
1182,12
1183,0
1184,23
1185,1
1186,1
1187,1
1188,0
1189,1
1190,0
1191,292
1192,1
1193,0
1194,6
1195,2
1196,8
1197,26
1198,1
1199,0
1200,7
1201,13
1202,174
1203,0
1204,2
1205,168
1206,105
1207,0
1208,9
1209,0
1210,0
1211,22
1212,13
1213,0
1214,1
1215,0
1216,0
1217,2
1218,8
1219,0
1220,617
1221,0
1222,5
1223,31
1224,9
1225,0
1226,3
1227,3
1228,20
1229,0
1230,342
1231,1
1232,180
1233,14
1234,0
1235,22
1236,14
1237,2
1238,24
1239,2
1240,233
1241,2
1242,4
1243,2
1244,13
1245,3
1246,77
1247,6
1248,0
1249,2
1250,8
1251,4
1252,25
1253,213
1254,8
1255,5
1256,0
1257,62
1258,0
1259,3
1260,22
1261,1
1262,0
1263,60
1264,8
1265,66
1266,33
1267,385
1268,13
1269,76
1270,69
1271,15
1272,3
1273,15
1274,2
1275,77
1276,0
1277,0
1278,0
1279,11
1280,2
1281,23
1282,6
1283,108
1284,431
1285,27
1286,10
1287,6
1288,1
1289,30
1290,2
1291,39
1292,0
1293,17
1294,113
1295,0
1296,0
1297,8
1298,8
1299,42
1300,8
1301,0
1302,0
1303,152
1304,1
1305,4
1306,5
1307,9
1308,11
1309,11
1310,1
1311,46
1312,2
1313,75
1314,1
1315,0
1316,253
1317,0
1318,6
1319,10
1320,0
1321,1
1322,0
1323,3
1324,4
1325,2
1326,2
1327,17
1328,6
1329,1
1330,1
1331,0
1332,45
1333,7
1334,1
1335,23
1336,17
1337,0
1338,0
1339,2
1340,0
1341,139
1342,28
1343,3
1344,25
1345,2
1346,0
1347,0
1348,2
1349,0
1350,3
1351,0
1352,78
1353,12
1354,0
1355,11
1356,0
1357,2
1358,7
1359,13
1360,138
1361,25
1362,9
1363,339
1364,12
1365,0
1366,12
1367,14
1368,0
1369,8
1370,35
1371,158
1372,159
1373,0
1374,6
1375,28
1376,2
1377,1
1378,2
1379,0
1380,0
1381,3
1382,4
1383,0
1384,13
1385,40
1386,1
1387,14
1388,7
1389,11
1390,311
1391,0
1392,1
1393,2
1394,4
1395,0
1396,10
1397,0
1398,2
1399,0
1400,0
1401,0
1402,0
1403,4
1404,3
1405,0
1406,5
1407,0
1408,27
1409,22
1410,36
1411,46
1412,6
1413,54
1414,1
1415,9
1416,69
1417,13
1418,83
1419,2
1420,1
1421,1
1422,1
1423,0
1424,0
1425,30
1426,0
1427,1
1428,0
1429,74
1430,0
1431,3
1432,1
1433,19
1434,75
1435,0
1436,9
1437,75
1438,3
1439,4
1440,5
1441,51
1442,0
1443,16
1444,1
1445,1
1446,1
1447,38
1448,251
1449,16
1450,5
1451,306
1452,4
1453,9
1454,0
1455,36
1456,1
1457,191
1458,1
1459,0
1460,0
1461,0
1462,3
1463,1
1464,5
1465,299
1466,3
1467,8
1468,0
1469,573
1470,0
1471,0
1472,171
1473,0
1474,0
1475,27
1476,0
1477,38
1478,5
1479,81
1480,0
1481,0
1482,14
1483,7
1484,0
1485,31
1486,7
1487,18
1488,1
1489,3
1490,37
1491,5
1492,1
1493,3
1494,7
1495,48
1496,6
1497,0
1498,38
1499,3
1500,11
1501,6
1502,0
1503,0
1504,0
1505,5
1506,53
1507,2
1508,9
1509,0
1510,25
1511,106
1512,17
1513,145
1514,138
1515,6
1516,0
1517,3
1518,0
1519,140
1520,19
1521,333
1522,11
1523,2
1524,3
1525,1
1526,5
1527,20
1528,0
1529,25
1530,2
1531,4
1532,21
1533,42
1534,0
1535,58
1536,8
1537,19
1538,0
1539,8
1540,45
1541,32
1542,2
1543,1
1544,0
1545,18
1546,4
1547,76
1548,1
1549,2
1550,260
1551,0
1552,68
1553,4
1554,75
1555,172
1556,0
1557,27
1558,15
1559,0
1560,13
1561,3
1562,4
1563,1
1564,5
1565,5
1566,13
1567,104
1568,0
1569,10
1570,0
1571,0
1572,12
1573,319
1574,0
1575,26
1576,0
1577,6
1578,5
1579,140
1580,2
1581,1
1582,3
1583,214
1584,1
1585,9
1586,15
1587,2
1588,75
1589,5
1590,2
1591,22
1592,14
1593,1
1594,0
1595,532
1596,29
1597,0
1598,5
1599,21
1600,0
1601,1
1602,7
1603,4
1604,117
1605,21
1606,0
1607,22
1608,0
1609,26
1610,1
1611,0
1612,2
1613,27
1614,28
1615,19
1616,1
1617,70
1618,29
1619,0
1620,0
1621,0
1622,17
1623,2
1624,1
1625,0
1626,5
1627,2
1628,6
1629,120
1630,0
1631,3
1632,0
1633,14
1634,9
1635,0
1636,0
1637,5
1638,0
1639,1
1640,59
1641,34
1642,3
1643,218
1644,12
1645,78
1646,0
1647,1
1648,107
1649,5
1650,0
1651,66
1652,0
1653,545
1654,378
1655,0
1656,2
1657,582
1658,1
1659,0
1660,82
1661,1
1662,2
1663,2
1664,153
1665,24
1666,3
1667,0
1668,10
1669,1
1670,0
1671,2
1672,12
1673,392
1674,26
1675,48
1676,0
1677,15
1678,0
1679,18
1680,82
1681,0
1682,28
1683,19
1684,0
1685,5
1686,1
1687,5
1688,0
1689,7
1690,0
1691,0
1692,0
1693,45
1694,10
1695,0
1696,39
1697,5
1698,5
1699,2
1700,0
1701,158
1702,3
1703,19
1704,19
1705,94
1706,0
1707,0
1708,3
1709,0
1710,21
1711,57
1712,0
1713,6
1714,51
1715,3
1716,3
1717,3
1718,0
1719,1
1720,5
1721,0
1722,7
1723,0
1724,3
1725,4
1726,0
1727,0
1728,23
1729,0
1730,25
1731,19
1732,42
1733,0
1734,0
1735,2
1736,0
1737,44
1738,12
1739,15
1740,0
1741,4
1742,16
1743,0
1744,6
1745,3
1746,0
1747,9
1748,8
1749,7
1750,73
1751,6
1752,3
1753,0
1754,2
1755,9
1756,53
1757,4
1758,2
1759,5
1760,35
1761,0
1762,114
1763,2318
1764,0
1765,10
1766,3
1767,0
1768,0
1769,7
1770,6
1771,8
1772,0
1773,2
1774,151
1775,0
1776,0
1777,1
1778,1
1779,0
1780,0
1781,0
1782,7
1783,0
1784,9
1785,1
1786,0
1787,7
1788,23
1789,5
1790,326
1791,22
1792,0
1793,0
1794,8
1795,1
1796,0
1797,17
1798,3
1799,0
1800,133
1801,273
1802,3447
1803,0
1804,4
1805,233
1806,6
1807,96
1808,7
1809,7
1810,1
1811,15
1812,2
1813,1
1814,0
1815,4
1816,1
1817,4
1818,0
1819,0
1820,0
1821,0
1822,7
1823,0
1824,166
1825,45
1826,0
1827,5
1828,6
1829,0
1830,0
1831,1
1832,22
1833,1670
1834,150
1835,0
1836,0
1837,105
1838,5
1839,0
1840,4
1841,0
1842,132
1843,0
1844,3
1845,194
1846,0
1847,0
1848,1
1849,4
1850,15
1851,4
1852,3
1853,12
1854,41
1855,60
1856,6
1857,0
1858,8
1859,13
1860,0
1861,4
1862,4
1863,36
1864,0
1865,1
1866,0
1867,0
1868,7
1869,232
1870,4
1871,0
1872,3
1873,0
1874,288
1875,6
1876,0
1877,8
1878,811
1879,1
1880,2
1881,0
1882,165
1883,1
1884,30
1885,0
1886,514
1887,5
1888,0
1889,6
1890,36
1891,10
1892,2
1893,88
1894,2
1895,16
1896,15
1897,1
1898,1
1899,0
1900,6
1901,87
1902,0
1903,24
1904,0
1905,8
1906,20
1907,1
1908,2
1909,23
1910,1
1911,2
1912,13
1913,5
1914,54
1915,91
1916,0
1917,0
1918,14
1919,0
1920,3
1921,139
1922,24
1923,0
1924,2
1925,0
1926,7
1927,0
1928,0
1929,20
1930,17
1931,1
1932,1
1933,6
1934,8
1935,0
1936,25
1937,0
1938,4
1939,16
1940,1
1941,37
1942,16
1943,1
1944,2238
1945,92
1946,14
1947,2
1948,22
1949,204
1950,0
1951,2
1952,43
1953,11
1954,23
1955,0
1956,85
1957,0
1958,4
1959,0
1960,0
1961,10
1962,18
1963,0
1964,14
1965,0
1966,2
1967,1
1968,185
1969,113
1970,0
1971,10
1972,5
1973,1
1974,4
1975,2
1976,197
1977,3
1978,12
1979,5
1980,74
1981,23
1982,67
1983,5
1984,0
1985,0
1986,0
1987,13
1988,112
1989,6
1990,32
1991,0
1992,223
1993,0
1994,106
1995,25
1996,5
1997,1
1998,0
1999,3
2000,0
2001,60
2002,0
2003,0
2004,18
2005,0
2006,0
2007,9
2008,33
2009,4
2010,19
2011,848
2012,31
2013,153
2014,51
2015,2
2016,3
2017,0
2018,7
2019,13
2020,9
2021,2
2022,13
2023,5
2024,1
2025,1
2026,0
2027,14
2028,290
2029,20
2030,3
2031,2
2032,0
2033,0
2034,2
2035,2
2036,0
2037,4
2038,0
2039,39
2040,4
2041,4
2042,37
2043,0
2044,7
2045,0
2046,27
2047,0
2048,8
2049,0
2050,21
2051,0
2052,39
2053,32
2054,0
2055,1
2056,23
2057,228
2058,4
2059,0
2060,8
2061,46
2062,45
2063,222
2064,2
2065,16
2066,13
2067,11
2068,24
2069,24
2070,2
2071,0
2072,0
2073,0
2074,39
2075,3
2076,1
2077,770
2078,0
2079,271
2080,3
2081,0
2082,599
2083,11
2084,7
2085,5
2086,0
2087,0
2088,84
2089,1
2090,7
2091,0
2092,15
2093,397
2094,8
2095,0
2096,3
2097,12
2098,6
2099,14
2100,0
2101,5
2102,8
2103,67
2104,16
2105,63
2106,14
2107,4
2108,429
2109,3
2110,0
2111,20
2112,0
2113,0
2114,24
2115,56
2116,4
2117,9
2118,3
2119,3
2120,2
2121,0
2122,48
2123,35
2124,1
2125,9
2126,74
2127,3
2128,1
2129,5
2130,19
2131,4
2132,0
2133,13
2134,456
2135,114
2136,27
2137,0
2138,6
2139,0
2140,8
2141,5
2142,59
2143,70
2144,13
2145,5
2146,2
2147,3
2148,78
2149,0
2150,0
2151,29
2152,13
2153,54
2154,0
2155,8
2156,0
2157,3
2158,6
2159,42
2160,5
2161,0
2162,0
2163,76
2164,717
2165,2
2166,17
2167,18
2168,3
2169,1
2170,7
2171,9
2172,1
2173,1
2174,2
2175,9
2176,2
2177,7
2178,0
2179,0
2180,15
2181,3
2182,1
2183,1
2184,0
2185,1
2186,2
2187,84
2188,9
2189,2
2190,1
2191,0
2192,0
2193,0
2194,0
2195,14
2196,0
2197,5
2198,0
2199,0
2200,18
2201,3
2202,11
2203,1
2204,0
2205,25
2206,6
2207,0
2208,1
2209,2
2210,0
2211,7
2212,1
2213,312
2214,14
2215,83
2216,4
2217,15
2218,2
2219,31
2220,698
2221,5
2222,48
2223,7
2224,0
2225,0
2226,2
2227,4
2228,0
2229,9
2230,2
2231,1
2232,10
2233,0
2234,12
2235,1
2236,1
2237,0
2238,2
2239,0
2240,0
2241,14
2242,0
2243,5
2244,4
2245,53
2246,103
2247,0
2248,2
2249,7
2250,2
2251,0
2252,27
2253,6
2254,428
2255,6
2256,17
2257,4
2258,0
2259,4
2260,16
2261,23
2262,3
2263,4
2264,2
2265,41
2266,44
2267,0
2268,1
2269,1
2270,0
2271,2
2272,10
2273,0
2274,4
2275,290
2276,1
2277,4
2278,0
2279,7
2280,1
2281,3
2282,103
2283,0
2284,0
2285,4
2286,7
2287,30
2288,5
2289,0
2290,10
2291,1
2292,5
2293,0
2294,0
2295,16
2296,0
2297,123
2298,34
2299,2
2300,106
2301,0
2302,0
2303,14
2304,11
2305,2
2306,2
2307,0
2308,0
2309,11
2310,0
2311,2
2312,5
2313,35
2314,1
2315,0
2316,0
2317,115
2318,1170
2319,0
2320,60
2321,3
2322,0
2323,143
2324,102
2325,14
2326,15
2327,0
2328,15
2329,8
2330,52
2331,1
2332,0
2333,0
2334,53
2335,2
2336,19
2337,11
2338,481
2339,2
2340,2
2341,1
2342,157
2343,1
2344,3
2345,6
2346,0
2347,4
2348,16
2349,0
2350,16
2351,0
2352,1
2353,21
2354,0
2355,27
2356,0
2357,6
2358,0
2359,0
2360,5
2361,2
2362,166
2363,0
2364,0
2365,5
2366,307
2367,18
2368,11
2369,0
2370,0
2371,3
2372,119
2373,0
2374,3
2375,1
2376,141
2377,171
2378,5
2379,4
2380,21
2381,4
2382,1
2383,1
2384,34
2385,2
2386,1
2387,3
2388,0
2389,13
2390,42
2391,1
2392,4
2393,28
2394,1
2395,0
2396,4
2397,11
2398,2
2399,30
2400,0
2401,0
2402,325
2403,37
2404,0
2405,99
2406,0
2407,77
2408,53
2409,2
2410,88
2411,6
2412,0
2413,1
2414,5
2415,1
2416,3
2417,0
2418,12
2419,0
2420,46
2421,32
2422,0
2423,12
2424,1
2425,85
2426,40
2427,0
2428,6
2429,2
2430,5
2431,11
2432,0
2433,5
2434,3
2435,1
2436,7
2437,9
2438,0
2439,701
2440,0
2441,4
2442,5
2443,0
2444,0
2445,14
2446,0
2447,1
2448,46
2449,0
2450,3
2451,1
2452,0
2453,0
2454,6
2455,2
2456,2
2457,58
2458,303
2459,17
2460,2
2461,93
2462,3
2463,1
2464,30
2465,144
2466,1
2467,0
2468,0
2469,195
2470,2
2471,1
2472,9
2473,34
2474,2
2475,46
2476,16
2477,0
2478,7
2479,0
2480,1
2481,4
2482,15
2483,1
2484,11
2485,18
2486,5
2487,7
2488,10
2489,31
2490,0
2491,2
2492,41
2493,9
2494,3
2495,0
2496,9
2497,82
2498,2
2499,0
2500,5
2501,28
2502,5
2503,4
2504,9
2505,44
2506,8
2507,1
2508,11
2509,1
2510,25
2511,0
2512,106
2513,0
2514,1
2515,0
2516,2
2517,35
2518,20
2519,19
2520,6
2521,0
2522,1230
2523,10
2524,45
2525,4
2526,0
2527,0
2528,1
2529,4
2530,0
2531,8
2532,1
2533,36
2534,0
2535,3
2536,0
2537,8
2538,0
2539,79
2540,13
2541,17
2542,373
2543,6
2544,23
2545,29
2546,3
2547,15
2548,0
2549,0
2550,233
2551,11
2552,0
2553,0
2554,40
2555,0
2556,4
2557,0
2558,36
2559,1
2560,7
2561,89
2562,3
2563,55
2564,25
2565,0
2566,17
2567,25
2568,27
2569,58
2570,0
2571,3
2572,4
2573,7
2574,0
2575,12
2576,6
2577,0
2578,529
2579,3
2580,0
2581,1
2582,0
2583,5
2584,2
2585,17
2586,239
2587,6
2588,660
2589,0
2590,11
2591,3
2592,104
2593,1
2594,0
2595,15
2596,13
2597,1
2598,19
2599,0
2600,9
2601,1
2602,33
2603,0
2604,0
2605,42
2606,7
2607,19
2608,15
2609,7
2610,80
2611,13
2612,29
2613,3
2614,13
2615,9
2616,0
2617,13
2618,4
2619,67
2620,0
2621,7
2622,0
2623,0
2624,6
2625,0
2626,21
2627,1
2628,19
2629,1
2630,1
2631,11
2632,12
2633,5
2634,1
2635,47
2636,5
2637,1
2638,0
2639,0
2640,304
2641,0
2642,22
2643,0
2644,3
2645,464
2646,9
2647,0
2648,0
2649,2
2650,11
2651,2
2652,0
2653,0
2654,21
2655,6
2656,0
2657,4
2658,0
2659,135
2660,14
2661,11
2662,0
2663,1
2664,4
2665,5
2666,2
2667,123
2668,108
2669,3
2670,2
2671,0
2672,9
2673,16
2674,1
2675,59
2676,18
2677,250
2678,42
2679,0
2680,25
2681,39
2682,28
2683,170
2684,0
2685,10
2686,36
2687,12
2688,32
2689,3
2690,1
2691,2
2692,0
2693,9
2694,0
2695,31
2696,0
2697,0
2698,10
2699,8
2700,5
2701,3
2702,12
2703,0
2704,9
2705,0
2706,9
2707,142
2708,5
2709,84
2710,670
2711,109
2712,5
2713,75
2714,171
2715,26
2716,5
2717,0
2718,1
2719,14
2720,1
2721,0
2722,0
2723,3
2724,0
2725,15
2726,49
2727,0
2728,0
2729,0
2730,14
2731,79
2732,1
2733,0
2734,2
2735,20
2736,3
2737,0
2738,0
2739,0
2740,0
2741,7
2742,0
2743,7
2744,0
2745,0
2746,4
2747,104
2748,0
2749,0
2750,0
2751,10
2752,15
2753,145
2754,5
2755,1
2756,1
2757,7
2758,2
2759,15
2760,10
2761,1
2762,6
2763,25
2764,6
2765,0
2766,21
2767,3
2768,1
2769,7
2770,13
2771,27
2772,4
2773,2
2774,21
2775,0
2776,63
2777,315
2778,1
2779,13
2780,28
2781,2
2782,4
2783,721
2784,2
2785,8
2786,0
2787,73
2788,12
2789,0
2790,0
2791,0
2792,6
2793,16
2794,2
2795,3
2796,0
2797,10
2798,2
2799,29
2800,492
2801,41
2802,43
2803,1
2804,0
2805,9
2806,22
2807,3
2808,55
2809,3
2810,1
2811,1
2812,6
2813,0
2814,50
2815,10
2816,21
2817,7
2818,2
2819,15
2820,0
2821,48
2822,11
2823,16
2824,2
2825,3
2826,1
2827,0
2828,34
2829,5
2830,17
2831,3
2832,0
2833,1
2834,3
2835,86
2836,33
2837,3
2838,0
2839,0
2840,0
2841,20
2842,6
2843,13
2844,2
2845,1
2846,0
2847,455
2848,0
2849,0
2850,1
2851,6
2852,73
2853,0
2854,15
2855,0
2856,103
2857,0
2858,5
2859,7
2860,889
2861,0
2862,740
2863,2
2864,25
2865,5
2866,5
2867,0
2868,4
2869,0
2870,0
2871,0
2872,6
2873,33
2874,14
2875,39
2876,183
2877,32
2878,0
2879,0
2880,0
2881,6
2882,0
2883,0
2884,11
2885,0
2886,0
2887,10
2888,46
2889,37
2890,2
2891,2
2892,0
2893,0
2894,12
2895,0
2896,0
2897,2
2898,8
2899,117
2900,0
2901,3603
2902,0
2903,75
2904,11
2905,39
2906,1
2907,63
2908,14
2909,0
2910,0
2911,12
2912,0
2913,4
2914,3
2915,5
2916,14
2917,9
2918,3
2919,0
2920,7
2921,8
2922,4
2923,3
2924,1
2925,15
2926,29
2927,1
2928,0
2929,99
2930,35
2931,11
2932,13
2933,6
2934,10
2935,19
2936,1
2937,3
2938,5
2939,8
2940,30
2941,16
2942,1
2943,2
2944,2
2945,119
2946,11
2947,1
2948,0
2949,17
2950,4
2951,0
2952,0
2953,14
2954,3
2955,9
2956,17
2957,0
2958,3
2959,1
2960,0
2961,62
2962,0
2963,3
2964,43
2965,24
2966,3
2967,617
2968,91
2969,23
2970,16
2971,1
2972,1
2973,0
2974,0
2975,14
2976,42
2977,6
2978,8
2979,11
2980,0
2981,7
2982,298
2983,5
2984,108
2985,0
2986,503
2987,0
2988,13
2989,3
2990,11
2991,7
2992,10
2993,11
2994,1
2995,9
2996,0
2997,16
2998,37
2999,0
3000,0
3001,5
3002,13
3003,8
3004,6
3005,10
3006,2
3007,0
3008,10
3009,8
3010,1
3011,0
3012,2
3013,5
3014,1
3015,0
3016,66
3017,17
3018,0
3019,15
3020,38
3021,1
3022,0
3023,30
3024,6
3025,0
3026,12
3027,0
3028,45
3029,9
3030,10
3031,32
3032,0
3033,11
3034,2
3035,8
3036,4
3037,6
3038,638
3039,3
3040,2
3041,17
3042,0
3043,10
3044,452
3045,0
3046,0
3047,3
3048,229
3049,16
3050,0
3051,1
3052,34
3053,4
3054,103
3055,0
3056,6
3057,0
3058,1
3059,32
3060,0
3061,181
3062,74
3063,24
3064,40
3065,13
3066,0
3067,1
3068,2
3069,5
3070,0
3071,24
3072,0
3073,2
3074,3
3075,9
3076,0
3077,74
3078,261
3079,0
3080,0
3081,8
3082,0
3083,6
3084,28
3085,24
3086,8
3087,129
3088,13
3089,310
3090,17
3091,3
3092,7
3093,0
3094,0
3095,7
3096,0
3097,0
3098,1
3099,1
3100,0
3101,4
3102,17
3103,53
3104,13
3105,26
3106,8
3107,1
3108,10
3109,7
3110,0
3111,3
3112,5
3113,1
3114,14
3115,8
3116,63
3117,10
3118,17
3119,5
3120,51
3121,1
3122,10
3123,21
3124,3
3125,12
3126,0
3127,77
3128,5
3129,187
3130,0
3131,5
3132,1
3133,166
3134,1
3135,0
3136,324
3137,6
3138,29
3139,4
3140,765
3141,48
3142,12
3143,92
3144,207
3145,8
3146,0
3147,146
3148,5
3149,0
3150,25
3151,6
3152,37
3153,3
3154,37
3155,0
3156,0
3157,0
3158,21
3159,19
3160,0
3161,426
3162,0
3163,6
3164,467
3165,17
3166,0
3167,55
3168,3
3169,0
3170,1
3171,12
3172,29
3173,7
3174,254
3175,14
3176,5
3177,7
3178,1
3179,7
3180,0
3181,0
3182,1
3183,76
3184,19
3185,1214
3186,0
3187,1
3188,29
3189,1
3190,2
3191,0
3192,1
3193,6
3194,1046
3195,51
3196,6
3197,188
3198,4
3199,0
3200,41
3201,0
3202,1
3203,0
3204,1
3205,136
3206,19
3207,171
3208,8
3209,3
3210,0
3211,23
3212,0
3213,210
3214,17
3215,51
3216,3
3217,22
3218,26
3219,0
3220,0
3221,33
3222,0
3223,9
3224,0
3225,0
3226,0
3227,0
3228,106
3229,2
3230,173
3231,7
3232,4
3233,3
3234,0
3235,13
3236,1
3237,53
3238,167
3239,3
3240,0
3241,15
3242,0
3243,11
3244,4
3245,0
3246,23
3247,0
3248,7
3249,11
3250,0
3251,3
3252,0
3253,8
3254,0
3255,2
3256,15
3257,4
3258,0
3259,1
3260,1
3261,271
3262,2
3263,0
3264,1350
3265,17
3266,0
3267,2
3268,6
3269,0
3270,389
3271,62
3272,0
3273,2
3274,8
3275,3
3276,0
3277,14
3278,5
3279,0
3280,0
3281,18
3282,0
3283,0
3284,5
3285,406
3286,0
3287,2
3288,28
3289,1
3290,1
3291,6
3292,3
3293,24
3294,1
3295,6
3296,0
3297,18
3298,3
3299,75
3300,0
3301,27
3302,17
3303,0
3304,0
3305,7
3306,4
3307,4
3308,1
3309,50
3310,1
3311,20
3312,2
3313,0
3314,7
3315,66
3316,12
3317,358
3318,32
3319,0
3320,3
3321,44
3322,0
3323,8
3324,18
3325,0
3326,5
3327,9
3328,21
3329,102
3330,67
3331,20
3332,680
3333,22
3334,0
3335,7
3336,0
3337,9
3338,2
3339,3
3340,0
3341,112
3342,476
3343,3
3344,43
3345,3
3346,0
3347,18
3348,61
3349,0
3350,2
3351,67
3352,7
3353,0
3354,4
3355,0
3356,1139
3357,1
3358,0
3359,2
3360,70
3361,18
3362,0
3363,190
3364,7
3365,0
3366,4
3367,0
3368,0
3369,117
3370,7
3371,13
3372,0
3373,1
3374,0
3375,2
3376,180
3377,8
3378,0
3379,1
3380,5
3381,0
3382,0
3383,0
3384,1
3385,7
3386,6
3387,0
3388,1
3389,38
3390,19
3391,24
3392,0
3393,6
3394,377
3395,7
3396,1
3397,3
3398,10
3399,7
3400,14
3401,27
3402,2
3403,1
3404,0
3405,6
3406,5
3407,15
3408,1
3409,0
3410,0
3411,4
3412,3
3413,1
3414,5
3415,1
3416,218
3417,0
3418,8
3419,24
3420,0
3421,4
3422,1
3423,1
3424,2
3425,0
3426,11
3427,45
3428,7
3429,0
3430,7
3431,12
3432,2
3433,0
3434,1
3435,0
3436,0
3437,7
3438,2
3439,21
3440,8
3441,4
3442,20
3443,999
3444,0
3445,459
3446,13
3447,2
3448,0
3449,6
3450,8
3451,21
3452,1
3453,4
3454,0
3455,12
3456,103
3457,91
3458,1
3459,0
3460,0
3461,0
3462,0
3463,0
3464,20
3465,1
3466,11
3467,1
3468,18
3469,1
3470,3
3471,0
3472,1
3473,259
3474,0
3475,4
3476,174
3477,0
3478,0
3479,3
3480,0
3481,7
3482,49
3483,4
3484,91
3485,31
3486,23
3487,2
3488,2
3489,2
3490,156
3491,148
3492,0
3493,0
3494,0
3495,2
3496,10
3497,3
3498,1
3499,5
3500,0
3501,3
3502,0
3503,22
3504,66
3505,11
3506,7
3507,17
3508,5
3509,85
3510,0
3511,0
3512,16
3513,1
3514,0
3515,0
3516,5
3517,57
3518,2
3519,1
3520,0
3521,10
3522,1
3523,12
3524,0
3525,0
3526,37
3527,18
3528,16
3529,9
3530,8
3531,6
3532,0
3533,30
3534,20
3535,15
3536,5
3537,0
3538,0
3539,1
3540,2
3541,0
3542,14
3543,99
3544,0
3545,4
3546,14
3547,1
3548,1
3549,0
3550,2
3551,243
3552,5
3553,0
3554,0
3555,16
3556,0
3557,4
3558,1
3559,0
3560,12
3561,1
3562,0
3563,1
3564,45
3565,185
3566,0
3567,0
3568,2
3569,0
3570,30
3571,3
3572,0
3573,14
3574,1
3575,0
3576,0
3577,3
3578,3
3579,0
3580,0
3581,2690
3582,2
3583,54
3584,19
3585,1
3586,0
3587,0
3588,0
3589,2
3590,60
3591,38
3592,247
3593,116
3594,4
3595,0
3596,2
3597,1
3598,28
3599,2
3600,0
3601,2
3602,0
3603,0
3604,0
3605,3
3606,0
3607,0
3608,0
3609,24
3610,8
3611,14
3612,0
3613,18
3614,177
3615,0
3616,0
3617,3
3618,0
3619,0
3620,6
3621,0
3622,2
3623,297
3624,1
3625,8
3626,43
3627,3
3628,60
3629,0
3630,0
3631,30
3632,10
3633,0
3634,4
3635,8
3636,0
3637,0
3638,3
3639,296
3640,0
3641,3
3642,196
3643,51
3644,0
3645,0
3646,0
3647,12
3648,165
3649,4
3650,0
3651,0
3652,1
3653,23
3654,3
3655,1
3656,0
3657,17
3658,3
3659,54
3660,16
3661,14
3662,6
3663,13
3664,11
3665,8
3666,31
3667,6
3668,1
3669,26
3670,1
3671,5
3672,10
3673,5
3674,2
3675,0
3676,0
3677,0
3678,1
3679,0
3680,3
3681,1
3682,2
3683,11
3684,4
3685,2
3686,6
3687,110
3688,1
3689,12
3690,11
3691,4
3692,3
3693,20
3694,0
3695,32
3696,56
3697,15
3698,5
3699,18
3700,61
3701,0
3702,8
3703,0
3704,32
3705,0
3706,228
3707,119
3708,0
3709,2
3710,712
3711,31
3712,1
3713,1
3714,2
3715,8
3716,2
3717,3
3718,2
3719,4
3720,9
3721,62
3722,3
3723,3
3724,0
3725,0
3726,12
3727,0
3728,0
3729,188
3730,0
3731,0
3732,9
3733,3
3734,4
3735,1
3736,22
3737,6
3738,31
3739,13
3740,8
3741,1
3742,10
3743,0
3744,10
3745,1
3746,21
3747,8
3748,0
3749,3
3750,590
3751,0
3752,96
3753,18
3754,0
3755,1
3756,6
3757,1
3758,0
3759,9
3760,43
3761,3
3762,1
3763,11
3764,8
3765,0
3766,2
3767,4
3768,0
3769,1
3770,69
3771,7
3772,2
3773,37
3774,12
3775,19
3776,34
3777,11
3778,26
3779,1
3780,0
3781,11
3782,4
3783,43
3784,0
3785,1
3786,71
3787,341
3788,1
3789,2
3790,0
3791,0
3792,7
3793,1
3794,22
3795,2
3796,83
3797,43
3798,74
3799,6
3800,2
3801,3
3802,9
3803,0
3804,95
3805,1
3806,79
3807,5
3808,5
3809,16
3810,6
3811,7
3812,0
3813,3
3814,22
3815,4
3816,2
3817,58
3818,3
3819,11
3820,0
3821,33
3822,9
3823,42
3824,2
3825,18
3826,0
3827,27
3828,17
3829,25
3830,30
3831,1
3832,4
3833,0
3834,17
3835,128
3836,14
3837,3
3838,0
3839,40
3840,6
3841,17
3842,0
3843,0
3844,42
3845,5
3846,7
3847,326
3848,1
3849,8
3850,0
3851,12
3852,19
3853,11
3854,37
3855,1
3856,2
3857,268
3858,104
3859,3
3860,92
3861,1
3862,7
3863,31
3864,0
3865,0
3866,92
3867,0
3868,2
3869,7
3870,3
3871,5
3872,10
3873,9
3874,42
3875,0
3876,0
3877,2
3878,1
3879,8
3880,0
3881,68
3882,8
3883,12
3884,0
3885,0
3886,37
3887,0
3888,14
3889,0
3890,38
3891,2
3892,48
3893,5
3894,15
3895,33
3896,0
3897,2
3898,174
3899,8
3900,0
3901,5
3902,1
3903,8
3904,0
3905,5
3906,37
3907,0
3908,0
3909,49
3910,0
3911,3
3912,21
3913,28
3914,0
3915,12
3916,28
3917,3
3918,3
3919,0
3920,0
3921,20
3922,1
3923,1
3924,0
3925,307
3926,37
3927,11
3928,1
3929,280
3930,20
3931,15
3932,37
3933,119
3934,0
3935,2
3936,1
3937,8
3938,12
3939,0
3940,5
3941,0
3942,2
3943,0
3944,0
3945,5
3946,4
3947,45
3948,23
3949,2
3950,0
3951,17
3952,0
3953,3
3954,8
3955,11
3956,35
3957,1
3958,5
3959,4
3960,0
3961,0
3962,4
3963,1
3964,4
3965,4
3966,0
3967,0
3968,4
3969,1
3970,0
3971,279
3972,21
3973,9
3974,11
3975,2
3976,2
3977,1
3978,2
3979,4
3980,1
3981,0
3982,3
3983,2
3984,32
3985,0
3986,0
3987,0
3988,36
3989,188
3990,44
3991,0
3992,38
3993,17
3994,3
3995,3
3996,1
3997,62
3998,2
3999,0
4000,27
4001,0
4002,5
4003,3
4004,43
4005,2
4006,2
4007,0
4008,2
4009,1
4010,0
4011,0
4012,0
4013,0
4014,77
4015,17
4016,1
4017,0
4018,10
4019,2
4020,2
4021,13
4022,53
4023,5
4024,2
4025,2
4026,4
4027,0
4028,2
4029,2
4030,10
4031,10
4032,5
4033,10
4034,1
4035,17
4036,2
4037,0
4038,8
4039,3
4040,0
4041,64
4042,105
4043,1
4044,37
4045,122
4046,13
4047,0
4048,11
4049,5
4050,1
4051,2
4052,0
4053,5
4054,4
4055,2
4056,0
4057,131
4058,2
4059,15
4060,118
4061,4
4062,0
4063,41
4064,3
4065,6
4066,11
4067,0
4068,15
4069,0
4070,94
4071,28
4072,76
4073,8
4074,10
4075,2
4076,22
4077,6
4078,0
4079,1
4080,4
4081,4
4082,3
4083,50
4084,0
4085,0
4086,9
4087,23
4088,23
4089,216
4090,0
4091,0
4092,54
4093,106
4094,7
4095,0
4096,6
4097,0
4098,22
4099,15
4100,10
4101,16
4102,0
4103,0
4104,23
4105,8
4106,0
4107,10
4108,0
4109,493
4110,3
4111,1
4112,0
4113,0
4114,4
4115,3
4116,0
4117,26
4118,2
4119,9
4120,0
4121,0
4122,0
4123,0
4124,3
4125,0
4126,7
4127,15
4128,0
4129,0
4130,5
4131,178
4132,242
4133,87
4134,0
4135,2
4136,54
4137,16
4138,30
4139,3
4140,0
4141,579
4142,0
4143,0
4144,12
4145,0
4146,18
4147,2
4148,7
4149,7
4150,5
4151,19
4152,406
4153,0
4154,3
4155,0
4156,5
4157,29
4158,2
4159,14
4160,2
4161,3
4162,25
4163,1
4164,0
4165,6
4166,5
4167,14
4168,22
4169,5
4170,0
4171,11
4172,6
4173,4
4174,13
4175,8
4176,6
4177,36
4178,155
4179,2
4180,1
4181,4
4182,1
4183,0
4184,0
4185,10
4186,8
4187,449
4188,13
4189,31
4190,9
4191,0
4192,6
4193,41
4194,24
4195,30
4196,0
4197,23
4198,33
4199,0
4200,34
4201,1
4202,10
4203,0
4204,4
4205,1
4206,15
4207,9
4208,0
4209,2
4210,402
4211,1
4212,80
4213,11
4214,408
4215,4
4216,3
4217,0
4218,9
4219,0
4220,6
4221,10
4222,246
4223,13
4224,647
4225,14
4226,68
4227,9
4228,1
4229,4
4230,25
4231,13
4232,118
4233,58
4234,0
4235,0
4236,22
4237,447
4238,13
4239,42
4240,0
4241,11
4242,2
4243,0
4244,0
4245,12
4246,38
4247,0
4248,3
4249,5
4250,20
4251,41
4252,5
4253,11
4254,0
4255,6
4256,10
4257,3
4258,2
4259,4
4260,35
4261,7
4262,0
4263,2
4264,65
4265,18
4266,25
4267,6
4268,6
4269,0
4270,2
4271,6
4272,1
4273,0
4274,2
4275,1
4276,264
4277,9
4278,4
4279,18
4280,42
4281,16
4282,2
4283,201
4284,523
4285,6
4286,0
4287,66
4288,2
4289,73
4290,20
4291,232
4292,0
4293,0
4294,8
4295,1
4296,5
4297,70
4298,22
4299,13
4300,161
4301,12
4302,10
4303,6
4304,4
4305,7
4306,13
4307,2
4308,0
4309,133
4310,0
4311,1
4312,1
4313,0
4314,2
4315,10
4316,12
4317,75
4318,0
4319,0
4320,10
4321,0
4322,4
4323,80
4324,70
4325,1
4326,10
4327,0
4328,2
4329,16
4330,0
4331,8
4332,23
4333,154
4334,1
4335,0
4336,6
4337,4
4338,2
4339,1
4340,0
4341,4
4342,0
4343,0
4344,0
4345,3
4346,113
4347,849
4348,6
4349,1
4350,198
4351,80
4352,48
4353,2
4354,0
4355,0
4356,123
4357,3
4358,140
4359,22
4360,3
4361,0
4362,4
4363,37
4364,1
4365,120
4366,43
4367,13
4368,0
4369,22
4370,2
4371,10
4372,0
4373,1
4374,2
4375,1
4376,183
4377,2
4378,5
4379,17
4380,5
4381,4
4382,30
4383,13
4384,12
4385,2
4386,0
4387,49
4388,101
4389,0
4390,0
4391,196
4392,5
4393,1
4394,0
4395,17
4396,23
4397,195
4398,3
4399,112
4400,70
4401,42
4402,7
4403,2
4404,0
4405,0
4406,3
4407,1
4408,0
4409,2
4410,77
4411,18
4412,35
4413,1
4414,22
4415,2
4416,0
4417,3
4418,8
4419,2
4420,9
4421,38
4422,15
4423,70
4424,0
4425,21
4426,9
4427,0
4428,28
4429,0
4430,2
4431,3
4432,2
4433,0
4434,0
4435,20
4436,2
4437,20
4438,0
4439,1
4440,0
4441,3
4442,2
4443,9
4444,71
4445,2
4446,4
4447,93
4448,32
4449,205
4450,10
4451,24
4452,10
4453,0
4454,0
4455,5
4456,249
4457,0
4458,65
4459,5
4460,11
4461,38
4462,1
4463,3
4464,7
4465,0
4466,0
4467,87
4468,2
4469,6
4470,3
4471,9
4472,1
4473,1
4474,34
4475,0
4476,2
4477,0
4478,12
4479,8
4480,4
4481,64
4482,0
4483,4
4484,4
4485,0
4486,0
4487,56
4488,7
4489,2769
4490,6
4491,0
4492,0
4493,2
4494,149
4495,1
4496,35
4497,2
4498,20
4499,2
4500,3
4501,0
4502,0
4503,0
4504,44
4505,0
4506,7
4507,0
4508,28
4509,11
4510,0
4511,0
4512,68
4513,15
4514,9
4515,184
4516,202
4517,188
4518,0
4519,0
4520,1
4521,44
4522,48
4523,5
4524,6
4525,0
4526,2
4527,5
4528,10
4529,8
4530,7
4531,5
4532,11
4533,6
4534,0
4535,169
4536,3
4537,3
4538,115
4539,10
4540,52
4541,0
4542,110
4543,0
4544,1
4545,6
4546,0
4547,4
4548,13
4549,4
4550,47
4551,6
4552,24
4553,30
4554,0
4555,258
4556,6
4557,13
4558,0
4559,1
4560,0
4561,15
4562,1
4563,0
4564,1
4565,20
4566,5
4567,2
4568,8
4569,397
4570,0
4571,0
4572,2
4573,82
4574,1
4575,14
4576,17
4577,52
4578,0
4579,2
4580,0
4581,100
4582,0
4583,0
4584,0
4585,0
4586,31
4587,14
4588,11
4589,11
4590,2
4591,4
4592,0
4593,0
4594,16
4595,16
4596,3
4597,3
4598,3
4599,0
4600,13
4601,2
4602,9
4603,8
4604,38
4605,0
4606,115
4607,0
4608,69
4609,2
4610,16
4611,25
4612,2
4613,25
4614,2193
4615,4
4616,74
4617,0
4618,0
4619,0
4620,3
4621,0
4622,61
4623,6
4624,4
4625,65
4626,235
4627,6
4628,1
4629,29
4630,1
4631,0
4632,3
4633,1
4634,3
4635,10
4636,1
4637,7
4638,27
4639,34
4640,1
4641,0
4642,1
4643,61
4644,417
4645,9
4646,0
4647,12
4648,57
4649,24
4650,60
4651,9
4652,2
4653,308
4654,1
4655,97
4656,4
4657,0
4658,2
4659,93
4660,35
4661,12
4662,10
4663,34
4664,20
4665,0
4666,0
4667,0
4668,4
4669,1
4670,1
4671,11
4672,3
4673,5
4674,2
4675,0
4676,2
4677,0
4678,0
4679,103
4680,16
4681,208
4682,0
4683,40
4684,1
4685,15
4686,0
4687,0
4688,77
4689,56
4690,2
4691,59
4692,0
4693,1
4694,1
4695,3
4696,1
4697,140
4698,23
4699,35
4700,6
4701,0
4702,26
4703,75
4704,47
4705,9
4706,0
4707,5
4708,3
4709,0
4710,11
4711,45
4712,10
4713,1
4714,42
4715,0
4716,0
4717,0
4718,0
4719,0
4720,0
4721,4
4722,0
4723,2
4724,2009
4725,0
4726,2
4727,0
4728,53
4729,1
4730,0
4731,8
4732,14
4733,15
4734,0
4735,3
4736,12
4737,5
4738,0
4739,1
4740,0
4741,64
4742,76
4743,11
4744,9
4745,4
4746,33
4747,12
4748,5
4749,0
4750,6
4751,19
4752,26
4753,7
4754,1
4755,4
4756,220
4757,19
4758,82
4759,3
4760,201
4761,19
4762,5
4763,71
4764,72
4765,1
4766,9
4767,0
4768,90
4769,9
4770,0
4771,2827
4772,13
4773,2
4774,28
4775,49
4776,4
4777,0
4778,0
4779,5
4780,0
4781,0
4782,10
4783,45
4784,11
4785,178
4786,1
4787,28
4788,23
4789,0
4790,9
4791,0
4792,4
4793,8
4794,1
4795,711
4796,6
4797,6
4798,2
4799,21
4800,0
4801,9
4802,4
4803,136
4804,9
4805,2
4806,68
4807,10
4808,0
4809,3
4810,0
4811,4
4812,0
4813,0
4814,46
4815,0
4816,0
4817,202
4818,17
4819,0
4820,4
4821,15
4822,7
4823,15
4824,4
4825,29
4826,0
4827,4
4828,19
4829,439
4830,13
4831,3
4832,164
4833,0
4834,0
4835,0
4836,3
4837,11
4838,32
4839,3
4840,0
4841,5
4842,1
4843,6
4844,1
4845,0
4846,113
4847,7
4848,69
4849,8
4850,0
4851,0
4852,13
4853,9
4854,26
4855,6
4856,1
4857,17
4858,6
4859,39
4860,2
4861,0
4862,0
4863,4
4864,1
4865,0
4866,5
4867,5
4868,4
4869,43
4870,0
4871,22
4872,14
4873,7
4874,2
4875,2
4876,18
4877,7
4878,0
4879,0
4880,5
4881,4
4882,0
4883,2
4884,7
4885,89
4886,19
4887,6
4888,59
4889,22
4890,3
4891,7
4892,813
4893,0
4894,13
4895,0
4896,0
4897,0
4898,8
4899,76
4900,7
4901,10
4902,0
4903,0
4904,484
4905,0
4906,38
4907,19
4908,7
4909,0
4910,473
4911,55
4912,2
4913,2
4914,3
4915,16
4916,0
4917,52
4918,853
4919,21
4920,51
4921,0
4922,2
4923,22
4924,14
4925,1
4926,0
4927,10
4928,33
4929,7
4930,9
4931,4
4932,9
4933,2
4934,3
4935,45
4936,0
4937,6
4938,2
4939,0
4940,16
4941,4
4942,38
4943,0
4944,0
4945,2
4946,3
4947,74
4948,2
4949,2
4950,5
4951,27
4952,4
4953,3
4954,290
4955,1
4956,6
4957,26
4958,3
4959,75
4960,3
4961,46
4962,2
4963,7
4964,3
4965,3
4966,0
4967,75
4968,0
4969,5
4970,40
4971,0
4972,7
4973,620
4974,2
4975,379
4976,70
4977,0
4978,22
4979,0
4980,14
4981,5
4982,6
4983,165
4984,2
4985,172
4986,9
4987,1
4988,8
4989,25
4990,78
4991,62
4992,5
4993,1
4994,0
4995,0
4996,6
4997,0
4998,500
4999,1705
5000,610
5001,29
5002,0
5003,44
5004,32
5005,23
5006,4
5007,38
5008,1
5009,1
5010,220
5011,76
5012,0
5013,10
5014,0
5015,1
5016,10
5017,0
5018,259
5019,0
5020,1
5021,1
5022,110
5023,0
5024,438
5025,4
5026,2
5027,0
5028,36
5029,1
5030,2
5031,10
5032,0
5033,12
5034,5
5035,2
5036,0
5037,1
5038,4
5039,0
5040,2
5041,1
5042,15
5043,102
5044,7
5045,8
5046,0
5047,1
5048,223
5049,73
5050,6
5051,0
5052,191
5053,43
5054,21
5055,32
5056,0
5057,6
5058,0
5059,0
5060,1
5061,20
5062,0
5063,2
5064,0
5065,0
5066,0
5067,0
5068,0
5069,2
5070,112
5071,11
5072,0
5073,1
5074,24
5075,102
5076,2
5077,0
5078,1
5079,51
5080,10
5081,143
5082,2
5083,7
5084,3
5085,32
5086,1
5087,0
5088,1
5089,8
5090,0
5091,18
5092,0
5093,1
5094,64
5095,1
5096,18
5097,37
5098,9
5099,0
5100,0
5101,7
5102,213
5103,0
5104,15
5105,0
5106,5
5107,0
5108,0
5109,14
5110,0
5111,0
5112,3
5113,2
5114,2
5115,5
5116,6
5117,0
5118,0
5119,74
5120,9
5121,86
5122,0
5123,184
5124,2
5125,1640
5126,0
5127,26
5128,4
5129,4
5130,35
5131,0
5132,8
5133,0
5134,0
5135,0
5136,1
5137,11
5138,0
5139,1
5140,6
5141,7
5142,9
5143,0
5144,83
5145,0
5146,5
5147,0
5148,0
5149,0
5150,1
5151,7
5152,11
5153,17
5154,13
5155,2
5156,28
5157,0
5158,2
5159,6
5160,0
5161,11
5162,5
5163,28
5164,23
5165,775
5166,31
5167,14
5168,25
5169,0
5170,2
5171,2
5172,135
5173,10
5174,0
5175,9
5176,145
5177,55
5178,22
5179,4
5180,0
5181,0
5182,5
5183,31
5184,3
5185,0
5186,0
5187,27
5188,0
5189,3
5190,5
5191,9
5192,4412
5193,36
5194,2
5195,0
5196,46
5197,2
5198,0
5199,0
5200,1
5201,230
5202,0
5203,4
5204,3
5205,0
5206,3
5207,41
5208,0
5209,2
5210,9
5211,1
5212,16
5213,6
5214,7
5215,2
5216,726
5217,4
5218,0
5219,1
5220,0
5221,0
5222,0
5223,41
5224,3
5225,0
5226,41
5227,4
5228,0
5229,0
5230,56
5231,24
5232,0
5233,3
5234,7
5235,0
5236,27
5237,4
5238,1
5239,5
5240,66
5241,25
5242,14
5243,7
5244,52
5245,1
5246,21
5247,9
5248,1
5249,18
5250,0
5251,13
5252,0
5253,0
5254,2
5255,26
5256,1
5257,94
5258,16
5259,4
5260,15
5261,38
5262,4
5263,0
5264,2
5265,18
5266,7
5267,17
5268,311
5269,12
5270,12
5271,3
5272,0
5273,2
5274,0
5275,0
5276,0
5277,0
5278,2
5279,0
5280,2
5281,1
5282,1
5283,14
5284,3
5285,27
5286,0
5287,4
5288,252
5289,0
5290,125
5291,35
5292,35
5293,0
5294,0
5295,19
5296,0
5297,1
5298,7
5299,0
5300,228
5301,3
5302,182
5303,0
5304,78
5305,3
5306,0
5307,8
5308,15
5309,16
5310,2
5311,4
5312,4
5313,0
5314,9
5315,10
5316,5
5317,2
5318,2
5319,62
5320,0
5321,3
5322,7
5323,1
5324,61
5325,33
5326,0
5327,3
5328,41
5329,14
5330,147
5331,0
5332,40
5333,0
5334,12
5335,61
5336,1
5337,40
5338,36
5339,126
5340,84
5341,15
5342,27
5343,0
5344,55
5345,0
5346,0
5347,5
5348,159
5349,5
5350,17
5351,9
5352,4
5353,4
5354,82
5355,16
5356,3
5357,15
5358,1
5359,83
5360,0
5361,0
5362,15
5363,4
5364,42
5365,1
5366,1
5367,1
5368,0
5369,34
5370,6
5371,3
5372,43
5373,0
5374,4
5375,0
5376,22
5377,5
5378,2
5379,1
5380,1
5381,12
5382,0
5383,0
5384,0
5385,0
5386,1
5387,3
5388,0
5389,5
5390,35
5391,55
5392,3
5393,1
5394,56
5395,0
5396,1
5397,0
5398,0
5399,0
5400,7
5401,4
5402,12
5403,0
5404,0
5405,2
5406,0
5407,4805
5408,4
5409,0
5410,1
5411,2
5412,16
5413,1
5414,5
5415,53
5416,2
5417,0
5418,2
5419,149
5420,34
5421,0
5422,5
5423,1
5424,103
5425,56
5426,3
5427,0
5428,7
5429,6
5430,263
5431,0
5432,3
5433,15
5434,4
5435,34
5436,262
5437,0
5438,2
5439,0
5440,5
5441,0
5442,57
5443,2
5444,98
5445,2
5446,3
5447,3
5448,0
5449,1
5450,83
5451,3
5452,171
5453,1
5454,20
5455,4
5456,103
5457,0
5458,16
5459,4
5460,4
5461,6
5462,3
5463,0
5464,0
5465,0
5466,17
5467,3
5468,15
5469,1
5470,42
5471,399
5472,35
5473,0
5474,27
5475,1
5476,4
5477,29
5478,35
5479,27
5480,13
5481,73
5482,1
5483,29
5484,9
5485,118
5486,84
5487,96
5488,0
5489,30
5490,9
5491,77
5492,20
5493,0
5494,0
5495,10
5496,0
5497,7
5498,3
5499,1
5500,1
5501,0
5502,9
5503,0
5504,13
5505,3
5506,0
5507,5
5508,0
5509,19
5510,0
5511,129
5512,4
5513,0
5514,69
5515,0
5516,0
5517,0
5518,1
5519,0
5520,0
5521,38
5522,8
5523,86
5524,2
5525,0
5526,7
5527,14
5528,34
5529,0
5530,54
5531,24
5532,0
5533,177
5534,6
5535,1
5536,12
5537,349
5538,0
5539,1
5540,4
5541,14
5542,0
5543,0
5544,22
5545,45
5546,14
5547,45
5548,9
5549,30
5550,37
5551,0
5552,83
5553,35
5554,0
5555,16
5556,0
5557,0
5558,0
5559,0
5560,5
5561,533
5562,6
5563,3
5564,2
5565,45
5566,1
5567,0
5568,0
5569,9
5570,0
5571,0
5572,7
5573,0
5574,91
5575,10
5576,16
5577,0
5578,3
5579,3
5580,9
5581,1
5582,0
5583,0
5584,25
5585,116
5586,6
5587,29
5588,13
5589,1
5590,15
5591,0
5592,8
5593,0
5594,13
5595,66
5596,7
5597,0
5598,18
5599,2
5600,9
5601,0
5602,0
5603,1
5604,6
5605,1
5606,44
5607,2
5608,47
5609,84
5610,3
5611,22
5612,9
5613,2
5614,14
5615,103
5616,0
5617,19
5618,8
5619,3
5620,9
5621,6
5622,4
5623,1
5624,5
5625,523
5626,11
5627,3
5628,4
5629,7
5630,5
5631,6
5632,825
5633,11
5634,4
5635,1
5636,28
5637,12
5638,5
5639,0
5640,8
5641,58
5642,1
5643,6
5644,0
5645,17
5646,2
5647,19
5648,484
5649,6
5650,18
5651,0
5652,1
5653,0
5654,6
5655,23
5656,3
5657,11
5658,10
5659,0
5660,1
5661,18
5662,5
5663,21
5664,27
5665,275
5666,0
5667,4
5668,3
5669,173
5670,0
5671,16
5672,10
5673,3
5674,0
5675,1
5676,548
5677,8
5678,0
5679,0
5680,0
5681,27
5682,6
5683,23
5684,5
5685,3
5686,18
5687,1
5688,8
5689,247
5690,461
5691,2
5692,12
5693,2
5694,13
5695,0
5696,0
5697,23
5698,0
5699,0
5700,21
5701,118
5702,7
5703,6
5704,1
5705,4
5706,44
5707,0
5708,5
5709,1
5710,1
5711,418
5712,0
5713,531
5714,0
5715,2
5716,577
5717,1
5718,0
5719,1
5720,5
5721,11
5722,7
5723,1
5724,3
5725,7
5726,641
5727,12
5728,63
5729,37
5730,0
5731,0
5732,18
5733,5
5734,2
5735,2
5736,5
5737,7
5738,9
5739,0
5740,0
5741,2
5742,1
5743,42
5744,0
5745,0
5746,1
5747,2
5748,0
5749,2
5750,154
5751,3
5752,6
5753,2
5754,0
5755,241
5756,3
5757,10
5758,0
5759,0
5760,1
5761,0
5762,201
5763,1
5764,0
5765,8
5766,2
5767,21
5768,3
5769,15
5770,4
5771,19
5772,3
5773,2
5774,0
5775,8
5776,0
5777,0
5778,8
5779,17
5780,108
5781,8
5782,4
5783,27
5784,3
5785,2
5786,10
5787,0
5788,1
5789,0
5790,13
5791,5
5792,0
5793,30
5794,10
5795,1
5796,11
5797,0
5798,1
5799,5
5800,0
5801,2181
5802,109
5803,38
5804,3
5805,24
5806,0
5807,15
5808,9
5809,0
5810,19
5811,12
5812,1
5813,11
5814,0
5815,30
5816,14
5817,0
5818,438
5819,39
5820,0
5821,1
5822,9
5823,2
5824,0
5825,16
5826,87
5827,810
5828,3
5829,4
5830,312
5831,12
5832,58
5833,0
5834,8
5835,2
5836,13
5837,0
5838,13
5839,3
5840,28
5841,0
5842,2
5843,3
5844,0
5845,134
5846,0
5847,3
5848,166
5849,1
5850,3
5851,418
5852,0
5853,61
5854,35
5855,6
5856,8
5857,31
5858,24
5859,4
5860,4
5861,1
5862,1
5863,586
5864,0
5865,5
5866,22
5867,38
5868,45
5869,4
5870,0
5871,21
5872,0
5873,2
5874,6
5875,0
5876,0
5877,79
5878,3
5879,2
5880,7
5881,0
5882,0
5883,9
5884,0
5885,152
5886,7
5887,1
5888,1
5889,26
5890,1
5891,0
5892,0
5893,66
5894,1
5895,671
5896,6
5897,11
5898,3
5899,62
5900,8
5901,47
5902,3
5903,1
5904,0
5905,6
5906,154
5907,1
5908,1
5909,15
5910,49
5911,2
5912,0
5913,76
5914,22
5915,97
5916,0
5917,5
5918,0
5919,1
5920,11
5921,1
5922,7
5923,0
5924,34
5925,15
5926,6
5927,0
5928,138
5929,0
5930,5
5931,484
5932,0
5933,13
5934,26
5935,6
5936,57
5937,7
5938,11
5939,2
5940,44
5941,10
5942,103
5943,7
5944,9
5945,104
5946,0
5947,2
5948,3
5949,2
5950,13
5951,61
5952,0
5953,14
5954,12
5955,13
5956,0
5957,0
5958,8
5959,19
5960,6
5961,0
5962,6
5963,11
5964,51
5965,8
5966,1
5967,0
5968,0
5969,3
5970,5
5971,1
5972,1
5973,21
5974,486
5975,0
5976,1809
5977,11
5978,4
5979,0
5980,2
5981,58
5982,4
5983,4
5984,1
5985,28
5986,2
5987,11
5988,12
5989,58
5990,6
5991,0
5992,0
5993,0
5994,13
5995,0
5996,6
5997,0
5998,7
5999,11
6000,50
6001,13
6002,5
6003,230
6004,0
6005,2
6006,39
6007,8
6008,4
6009,13
6010,407
6011,4
6012,5
6013,8
6014,249
6015,32
6016,0
6017,135
6018,13
6019,1
6020,13
6021,36
6022,829
6023,1
6024,49
6025,2
6026,47
6027,501
6028,19
6029,0
6030,4
6031,1
6032,9
6033,0
6034,41
6035,1
6036,41
6037,0
6038,2
6039,150
6040,7
6041,8
6042,8
6043,0
6044,3
6045,11
6046,16
6047,7
6048,3
6049,6
6050,3
6051,15
6052,0
6053,0
6054,10
6055,3
6056,1
6057,14
6058,14
6059,4
6060,0
6061,0
6062,0
6063,124
6064,8
6065,3
6066,10
6067,79
6068,18
6069,0
6070,644
6071,25
6072,1
6073,0
6074,40
6075,0
6076,1
6077,0
6078,9
6079,1
6080,0
6081,15
6082,11
6083,0
6084,5
6085,3
6086,23
6087,2
6088,4
6089,1
6090,3
6091,0
6092,4
6093,0
6094,0
6095,17
6096,157
6097,6
6098,4
6099,0
6100,5
6101,12
6102,5
6103,0
6104,0
6105,35
6106,35
6107,10
6108,0
6109,0
6110,105
6111,1
6112,28
6113,6
6114,0
6115,3
6116,0
6117,6
6118,2
6119,0
6120,0
6121,9
6122,3
6123,0
6124,0
6125,7
6126,16
6127,7
6128,3
6129,114
6130,2
6131,6
6132,2
6133,10
6134,5
6135,4
6136,5
6137,2
6138,65
6139,21
6140,3
6141,9
6142,0
6143,2
6144,0
6145,4
6146,0
6147,0
6148,3
6149,0
6150,3
6151,17
6152,16
6153,1
6154,0
6155,2
6156,3
6157,0
6158,112
6159,0
6160,4
6161,28
6162,14
6163,2
6164,9
6165,6
6166,0
6167,1
6168,10
6169,22
6170,1
6171,3
6172,3
6173,0
6174,0
6175,2
6176,2
6177,3
6178,62
6179,0
6180,9
6181,13
6182,29
6183,55
6184,0
6185,82
6186,493
6187,3
6188,0
6189,79
6190,25
6191,5
6192,2
6193,1
6194,4
6195,34
6196,0
6197,0
6198,20
6199,0
6200,12
6201,0
6202,12
6203,1
6204,8
6205,0
6206,1
6207,2
6208,1
6209,23
6210,7
6211,0
6212,15
6213,3
6214,0
6215,1
6216,1
6217,16
6218,26
6219,0
6220,0
6221,0
6222,0
6223,54
6224,8
6225,219
6226,0
6227,2
6228,1
6229,48
6230,19
6231,29
6232,52
6233,31
6234,17
6235,80
6236,0
6237,0
6238,0
6239,0
6240,3
6241,4
6242,3
6243,2
6244,1
6245,1
6246,0
6247,1
6248,14
6249,3
6250,0
6251,4
6252,0
6253,2
6254,17
6255,9
6256,2
6257,1185
6258,5
6259,5
6260,0
6261,67
6262,7
6263,2
6264,0
6265,13
6266,3
6267,0
6268,2
6269,35
6270,0
6271,404
6272,15
6273,2
6274,7
6275,0
6276,974
6277,5
6278,3
6279,167
6280,1
6281,2
6282,14
6283,0
6284,2
6285,10
6286,9
6287,0
6288,0
6289,1
6290,3
6291,0
6292,13
6293,8
6294,1
6295,19
6296,4
6297,36
6298,3
6299,39
6300,0
6301,206
6302,9
6303,0
6304,3
6305,16
6306,14
6307,74
6308,0
6309,4
6310,0
6311,33
6312,89
6313,143
6314,23
6315,4
6316,3
6317,1
6318,11
6319,0
6320,42
6321,3
6322,5
6323,6
6324,21
6325,14
6326,1
6327,1
6328,1
6329,2
6330,5
6331,0
6332,100
6333,0
6334,8
6335,3
6336,6
6337,0
6338,2
6339,3
6340,27
6341,3
6342,2
6343,6
6344,0
6345,112
6346,71
6347,0
6348,4
6349,73
6350,7
6351,0
6352,24
6353,1
6354,0
6355,0
6356,1
6357,0
6358,0
6359,0
6360,3
6361,1
6362,6
6363,63
6364,15
6365,5
6366,2
6367,1
6368,0
6369,0
6370,3
6371,0
6372,7
6373,0
6374,12
6375,17
6376,0
6377,84
6378,0
6379,0
6380,0
6381,241
6382,0
6383,17
6384,167
6385,7
6386,137
6387,0
6388,0
6389,0
6390,5
6391,3
6392,47
6393,0
6394,0
6395,8
6396,60
6397,2
6398,0
6399,5
6400,7
6401,1
6402,2
6403,54
6404,40
6405,15
6406,2
6407,75
6408,231
6409,15
6410,13
6411,319
6412,4
6413,0
6414,4
6415,1
6416,162
6417,11
6418,0
6419,197
6420,0
6421,0
6422,5
6423,13
6424,0
6425,26
6426,3
6427,0
6428,5
6429,18
6430,2
6431,0
6432,0
6433,5
6434,224
6435,5
6436,39
6437,15
6438,62
6439,21
6440,10
6441,79
6442,0
6443,3
6444,4
6445,8
6446,4
6447,25
6448,6
6449,10
6450,47
6451,14
6452,4
6453,9
6454,77
6455,12
6456,0
6457,0
6458,0
6459,0
6460,0
6461,2
6462,2
6463,0
6464,2659
6465,0
6466,0
6467,0
6468,2
6469,0
6470,0
6471,0
6472,2
6473,6
6474,12
6475,2
6476,17
6477,0
6478,103
6479,23
6480,22
6481,0
6482,4
6483,0
6484,9
6485,3
6486,24
6487,12
6488,2
6489,45
6490,0
6491,4
6492,0
6493,81
6494,1
6495,24
6496,32
6497,0
6498,49
6499,39
6500,4
6501,5
6502,283
6503,0
6504,1
6505,5
6506,35
6507,3
6508,0
6509,0
6510,0
6511,46
6512,7
6513,5
6514,88
6515,1
6516,31
6517,0
6518,0
6519,1
6520,14
6521,107
6522,9
6523,466
6524,1
6525,0
6526,10
6527,255
6528,1
6529,45
6530,2
6531,3
6532,30
6533,2
6534,3
6535,0
6536,566
6537,1
6538,251
6539,0
6540,7
6541,25
6542,19
6543,0
6544,0
6545,1
6546,170
6547,5
6548,0
6549,0
6550,5
6551,1
6552,10
6553,3
6554,7
6555,0
6556,13
6557,1
6558,75
6559,0
6560,5
6561,3
6562,4
6563,0
6564,95
6565,47
6566,3
6567,38
6568,6
6569,2
6570,75
6571,1
6572,1
6573,14
6574,0
6575,0
6576,17
6577,6
6578,0
6579,0
6580,4
6581,0
6582,2
6583,0
6584,1
6585,1
6586,41
6587,2
6588,9
6589,17
6590,0
6591,19
6592,7
6593,0
6594,18
6595,1
6596,4
6597,633
6598,24
6599,2
6600,2
6601,3
6602,0
6603,0
6604,49
6605,7
6606,18
6607,9
6608,3
6609,52
6610,39
6611,0
6612,0
6613,4
6614,10
6615,8
6616,0
6617,12
6618,15
6619,6
6620,7
6621,121
6622,5
6623,13
6624,11
6625,1
6626,54
6627,4
6628,16
6629,1
6630,1
6631,7
6632,2
6633,0
6634,44
6635,5
6636,0
6637,0
6638,61
6639,58
6640,1
6641,36
6642,2
6643,0
6644,0
6645,0
6646,0
6647,6
6648,12
6649,3
6650,0
6651,45
6652,0
6653,0
6654,38
6655,1
6656,147
6657,47
6658,9
6659,162
6660,56
6661,5
6662,4
6663,4
6664,33
6665,7
6666,840
6667,0
6668,254
6669,7
6670,8
6671,73
6672,4
6673,0
6674,1
6675,17
6676,0
6677,6
6678,1
6679,8
6680,3
6681,46
6682,12
6683,43
6684,0
6685,17
6686,0
6687,6
6688,2
6689,0
6690,258
6691,918
6692,1
6693,6
6694,1
6695,7
6696,19
6697,0
6698,5
6699,17
6700,536
6701,8
6702,21
6703,0
6704,3
6705,5
6706,8
6707,14
6708,1
6709,19
6710,3
6711,2
6712,2
6713,16
6714,2
6715,64
6716,0
6717,1
6718,0
6719,0
6720,0
6721,12
6722,0
6723,8
6724,8
6725,2
6726,5
6727,4
6728,0
6729,30
6730,20
6731,3
6732,7
6733,0
6734,842
6735,0
6736,5
6737,31
6738,0
6739,32
6740,29
6741,16
6742,36
6743,0
6744,5
6745,8
6746,23
6747,23
6748,0
6749,0
6750,0
6751,1
6752,166
6753,1
6754,0
6755,4
6756,3
6757,31
6758,29
6759,1
6760,3
6761,0
6762,0
6763,6
6764,35
6765,1
6766,2
6767,0
6768,0
6769,13
6770,4
6771,39
6772,80
6773,2
6774,6
6775,3
6776,2
6777,3
6778,16
6779,11
6780,1
6781,2
6782,90
6783,3
6784,6
6785,15
6786,1
6787,0
6788,2
6789,0
6790,4
6791,4
6792,90
6793,1
6794,0
6795,13
6796,0
6797,9
6798,173
6799,0
6800,1
6801,2
6802,2
6803,6
6804,40
6805,3
6806,0
6807,4
6808,0
6809,18
6810,1
6811,3
6812,15
6813,6
6814,15
6815,3
6816,7
6817,0
6818,0
6819,0
6820,19
6821,7
6822,14
6823,60
6824,2
6825,3
6826,0
6827,237
6828,132
6829,1
6830,30
6831,8
6832,23
6833,3
6834,6
6835,5
6836,1
6837,16
6838,0
6839,3
6840,87
6841,102
6842,0
6843,0
6844,15
6845,34
6846,13
6847,0
6848,2
6849,0
6850,0
6851,0
6852,128
6853,178
6854,80
6855,2
6856,6
6857,5
6858,2
6859,4
6860,14
6861,6
6862,18
6863,2
6864,6
6865,0
6866,10
6867,1
6868,5
6869,66
6870,0
6871,1
6872,7
6873,11
6874,0
6875,0
6876,1
6877,6
6878,315
6879,0
6880,0
6881,0
6882,0
6883,0
6884,17
6885,0
6886,32
6887,18
6888,0
6889,13
6890,0
6891,0
6892,3
6893,0
6894,62
6895,0
6896,1
6897,16
6898,204
6899,3
6900,1
6901,8
6902,0
6903,12
6904,2
6905,0
6906,7
6907,2
6908,1
6909,76
6910,1
6911,18
6912,3
6913,7
6914,2
6915,67
6916,9
6917,10
6918,26
6919,2
6920,6
6921,3
6922,180
6923,0
6924,2
6925,294
6926,5
6927,7
6928,0
6929,0
6930,2
6931,3
6932,52
6933,0
6934,0
6935,5
6936,14
6937,159
6938,0
6939,30
6940,2
6941,7
6942,0
6943,7
6944,28
6945,9
6946,0
6947,0
6948,2
6949,48
6950,5
6951,1
6952,215
6953,0
6954,22
6955,97
6956,32
6957,8
6958,0
6959,131
6960,6
6961,1
6962,0
6963,6
6964,18
6965,118
6966,0
6967,28
6968,6
6969,0
6970,3
6971,0
6972,0
6973,48
6974,0
6975,33
6976,8
6977,0
6978,36
6979,8
6980,101
6981,22
6982,1
6983,0
6984,0
6985,11
6986,0
6987,43
6988,6
6989,16
6990,2
6991,5
6992,3
6993,54
6994,0
6995,0
6996,0
6997,2
6998,53
6999,0
7000,1
7001,148
7002,28
7003,7
7004,0
7005,5
7006,306
7007,21
7008,2
7009,25
7010,2
7011,1
7012,4
7013,8
7014,39
7015,3
7016,3
7017,22
7018,0
7019,5
7020,41
7021,11
7022,0
7023,39
7024,9
7025,0
7026,5
7027,0
7028,7
7029,0
7030,0
7031,0
7032,0
7033,0
7034,16
7035,5
7036,11
7037,15
7038,0
7039,0
7040,4
7041,2
7042,68
7043,67
7044,4
7045,5
7046,0
7047,0
7048,2
7049,7
7050,89
7051,1
7052,0
7053,42
7054,0
7055,1
7056,0
7057,6
7058,310
7059,13
7060,21
7061,4
7062,9
7063,5
7064,0
7065,22
7066,13
7067,1742
7068,12
7069,0
7070,20
7071,2
7072,10
7073,14
7074,3
7075,0
7076,12
7077,6
7078,8
7079,7
7080,1
7081,167
7082,1
7083,1
7084,8
7085,56
7086,46
7087,3
7088,0
7089,0
7090,19
7091,373
7092,6
7093,603
7094,49
7095,4
7096,18
7097,43
7098,0
7099,0
7100,22
7101,305
7102,2
7103,2
7104,0
7105,0
7106,25
7107,3
7108,6
7109,6
7110,9
7111,0
7112,1
7113,0
7114,0
7115,0
7116,0
7117,5
7118,208
7119,18
7120,3
7121,5
7122,30
7123,1
7124,0
7125,27
7126,2
7127,2
7128,76
7129,0
7130,7
7131,22
7132,17
7133,22
7134,1
7135,30
7136,8
7137,4
7138,3
7139,1
7140,2
7141,15
7142,47
7143,16
7144,18
7145,20
7146,6
7147,1
7148,3
7149,0
7150,2
7151,7
7152,1
7153,26
7154,0
7155,9
7156,16
7157,3
7158,1
7159,4
7160,14
7161,1
7162,5
7163,0
7164,6
7165,1
7166,10
7167,0
7168,0
7169,10
7170,2
7171,0
7172,0
7173,0
7174,0
7175,0
7176,71
7177,0
7178,5
7179,5
7180,3
7181,0
7182,0
7183,0
7184,15
7185,10
7186,16
7187,23
7188,6
7189,466
7190,0
7191,5
7192,3
7193,8
7194,1
7195,4
7196,28
7197,36
7198,7
7199,23
7200,11
7201,1
7202,31
7203,19
7204,26
7205,14
7206,5
7207,3
7208,251
7209,0
7210,0
7211,0
7212,6
7213,11
7214,11
7215,18
7216,76
7217,0
7218,2
7219,773
7220,26
7221,5
7222,0
7223,8
7224,1
7225,1
7226,1
7227,4
7228,2
7229,0
7230,2
7231,1
7232,0
7233,0
7234,1
7235,3
7236,1
7237,0
7238,6
7239,3
7240,1
7241,1
7242,10
7243,0
7244,3
7245,28
7246,1
7247,8
7248,19
7249,49
7250,1
7251,23
7252,14
7253,5
7254,8
7255,2
7256,3
7257,0
7258,0
7259,9
7260,761
7261,102
7262,8
7263,10
7264,6
7265,1
7266,0
7267,59
7268,6
7269,12
7270,51
7271,50
7272,10
7273,0
7274,0
7275,4
7276,1
7277,42
7278,0
7279,1
7280,0
7281,0
7282,15
7283,1
7284,11
7285,18
7286,0
7287,0
7288,44
7289,4
7290,52
7291,0
7292,2
7293,66
7294,6
7295,303
7296,17
7297,10
7298,13
7299,0
7300,19
7301,3
7302,14
7303,10
7304,6
7305,5
7306,50
7307,4
7308,5
7309,16
7310,1
7311,7
7312,3
7313,1
7314,0
7315,113
7316,0
7317,3
7318,3
7319,2
7320,1
7321,0
7322,17
7323,0
7324,103
7325,0
7326,0
7327,85
7328,0
7329,14
7330,23
7331,6
7332,9
7333,40
7334,1
7335,3
7336,3
7337,9
7338,0
7339,0
7340,3
7341,6
7342,0
7343,6
7344,12
7345,21
7346,0
7347,15
7348,0
7349,5
7350,2
7351,0
7352,1
7353,5
7354,9
7355,0
7356,0
7357,8
7358,3
7359,1
7360,28
7361,4
7362,12
7363,2
7364,22
7365,0
7366,52
7367,241
7368,5
7369,0
7370,30
7371,8
7372,0
7373,70
7374,34
7375,0
7376,0
7377,0
7378,0
7379,78
7380,0
7381,57
7382,2
7383,3
7384,0
7385,10
7386,1
7387,0
7388,0
7389,7
7390,2
7391,4
7392,64
7393,5
7394,3
7395,0
7396,0
7397,5
7398,1
7399,9
7400,3
7401,1
7402,3
7403,0
7404,2
7405,0
7406,0
7407,4
7408,1
7409,25
7410,3
7411,17
7412,70
7413,0
7414,30
7415,1084
7416,10
7417,2
7418,1
7419,90
7420,53
7421,0
7422,7
7423,1
7424,25
7425,344
7426,0
7427,18
7428,5
7429,77
7430,3
7431,8
7432,385
7433,0
7434,0
7435,2
7436,60
7437,1
7438,21
7439,5
7440,0
7441,0
7442,0
7443,4
7444,4
7445,8
7446,16
7447,2
7448,9
7449,3
7450,1
7451,73
7452,25
7453,0
7454,0
7455,12
7456,0
7457,0
7458,0
7459,6
7460,0
7461,27
7462,2
7463,46
7464,2
7465,13
7466,1
7467,5
7468,29
7469,5
7470,1
7471,43
7472,13
7473,0
7474,0
7475,3
7476,0
7477,0
7478,4
7479,34
7480,0
7481,4
7482,5
7483,2
7484,4
7485,166
7486,10
7487,0
7488,3
7489,1
7490,13
7491,0
7492,2
7493,5
7494,0
7495,0
7496,8
7497,15
7498,17
7499,4
7500,0
7501,12
7502,169
7503,0
7504,0
7505,0
7506,4
7507,43
7508,428
7509,16
7510,1
7511,2
7512,7
7513,7
7514,4
7515,247
7516,5
7517,0
7518,0
7519,3
7520,14
7521,33
7522,49
7523,3
7524,39
7525,5
7526,4
7527,162
7528,20
7529,5
7530,4
7531,9
7532,0
7533,82
7534,1
7535,9
7536,3
7537,52
7538,36
7539,7
7540,0
7541,1
7542,0
7543,0
7544,3
7545,6
7546,50
7547,16
7548,11
7549,4
7550,1
7551,11
7552,6
7553,0
7554,3
7555,3
7556,23
7557,1
7558,0
7559,2
7560,1
7561,21
7562,110
7563,2
7564,0
7565,0
7566,15
7567,0
7568,5
7569,10
7570,62
7571,44
7572,5
7573,0
7574,224
7575,1
7576,2
7577,3
7578,26
7579,3
7580,4
7581,0
7582,103
7583,28
7584,8
7585,436
7586,64
7587,1
7588,3
7589,0
7590,0
7591,0
7592,10
7593,2
7594,950
7595,41
7596,34
7597,0
7598,50
7599,32
7600,4
7601,0
7602,7
7603,13
7604,0
7605,6
7606,17
7607,41
7608,2
7609,0
7610,26
7611,5
7612,0
7613,30
7614,27
7615,152
7616,2
7617,71
7618,4
7619,0
7620,11
7621,2
7622,3
7623,3
7624,0
7625,2
7626,2
7627,1
7628,5
7629,2
7630,8
7631,8
7632,44
7633,1
7634,23
7635,0
7636,187
7637,6
7638,4
7639,0
7640,51
7641,0
7642,11
7643,152
7644,0
7645,1
7646,157
7647,9
7648,21
7649,21
7650,1
7651,1
7652,1
7653,11
7654,8
7655,0
7656,1
7657,0
7658,34
7659,0
7660,12
7661,0
7662,84
7663,52
7664,0
7665,4
7666,0
7667,7
7668,3
7669,6
7670,31
7671,16
7672,56
7673,21
7674,9
7675,12
7676,0
7677,0
7678,2
7679,26
7680,118
7681,25
7682,1
7683,2
7684,4
7685,2
7686,26
7687,0
7688,1
7689,1
7690,27
7691,0
7692,1382
7693,0
7694,3
7695,72
7696,1
7697,4
7698,0
7699,2
7700,1
7701,6
7702,0
7703,0
7704,12
7705,18
7706,0
7707,0
7708,6
7709,0
7710,3
7711,0
7712,15
7713,158
7714,106
7715,3
7716,1
7717,12
7718,23
7719,0
7720,0
7721,6
7722,64
7723,2
7724,28
7725,4
7726,3
7727,7
7728,7
7729,0
7730,5
7731,0
7732,43
7733,0
7734,8
7735,1
7736,9
7737,2
7738,187
7739,0
7740,2
7741,6
7742,17
7743,1
7744,9
7745,1
7746,0
7747,1
7748,19
7749,0
7750,4
7751,0
7752,264
7753,10
7754,30
7755,5
7756,44
7757,8
7758,1
7759,7
7760,0
7761,1
7762,4
7763,0
7764,1
7765,23
7766,8
7767,29
7768,26
7769,0
7770,682
7771,0
7772,0
7773,21
7774,1
7775,11
7776,16
7777,0
7778,15
7779,193
7780,0
7781,0
7782,9
7783,12
7784,43
7785,1
7786,17
7787,6
7788,13
7789,0
7790,0
7791,0
7792,704
7793,5
7794,9
7795,138
7796,13
7797,2
7798,8
7799,0
7800,0
7801,157
7802,0
7803,0
7804,0
7805,1
7806,16
7807,0
7808,0
7809,138
7810,0
7811,42
7812,0
7813,1
7814,0
7815,5
7816,4
7817,19
7818,22
7819,241
7820,13
7821,3
7822,0
7823,36
7824,0
7825,10
7826,3
7827,0
7828,6
7829,2
7830,29
7831,39
7832,2
7833,85
7834,4
7835,1
7836,11
7837,0
7838,250
7839,0
7840,2
7841,0
7842,25
7843,0
7844,2
7845,257
7846,0
7847,4
7848,0
7849,25
7850,36
7851,8
7852,4
7853,19
7854,1
7855,3
7856,4
7857,0
7858,0
7859,41
7860,0
7861,13
7862,7
7863,3
7864,4
7865,1
7866,62
7867,2
7868,65
7869,0
7870,29
7871,16
7872,95
7873,0
7874,2
7875,11
7876,1356
7877,5
7878,1
7879,4
7880,108
7881,1
7882,96
7883,15
7884,0
7885,32
7886,83
7887,0
7888,3
7889,3
7890,124
7891,92
7892,0
7893,0
7894,21
7895,108
7896,33
7897,0
7898,22
7899,7
7900,0
7901,5
7902,27
7903,25
7904,4
7905,2
7906,11
7907,22
7908,3
7909,1
7910,14
7911,2
7912,0
7913,33
7914,0
7915,1
7916,12
7917,4
7918,5
7919,0
7920,6
7921,0
7922,33
7923,0
7924,41
7925,8
7926,23
7927,22
7928,0
7929,0
7930,7
7931,0
7932,10
7933,50
7934,0
7935,82
7936,7
7937,1
7938,2
7939,0
7940,40
7941,1
7942,3
7943,5
7944,0
7945,14
7946,48
7947,164
7948,5
7949,24
7950,2
7951,0
7952,75
7953,8
7954,5
7955,3
7956,2
7957,2
7958,0
7959,0
7960,0
7961,1
7962,21
7963,0
7964,29
7965,0
7966,38
7967,5
7968,1
7969,17
7970,4
7971,33
7972,90
7973,74
7974,0
7975,0
7976,3
7977,8
7978,0
7979,20
7980,0
7981,14
7982,6
7983,29
7984,39
7985,0
7986,246
7987,14
7988,61
7989,12
7990,12
7991,1
7992,3
7993,2
7994,85
7995,2
7996,170
7997,5
7998,0
7999,0
8000,0
8001,0
8002,0
8003,0
8004,14
8005,3
8006,1
8007,19
8008,0
8009,9
8010,0
8011,9
8012,167
8013,5
8014,2
8015,4
8016,1
8017,0
8018,0
8019,7
8020,7
8021,0
8022,353
8023,3
8024,74
8025,0
8026,6
8027,0
8028,1
8029,13
8030,59
8031,3
8032,0
8033,236
8034,0
8035,0
8036,2
8037,6
8038,3
8039,0
8040,0
8041,37
8042,0
8043,23
8044,0
8045,13
8046,0
8047,40
8048,3
8049,4
8050,0
8051,0
8052,28
8053,1
8054,1
8055,81
8056,11
8057,8
8058,8
8059,1
8060,3
8061,94
8062,0
8063,0
8064,1
8065,9
8066,15
8067,93
8068,0
8069,38
8070,3
8071,2
8072,36
8073,22
8074,54
8075,4
8076,906
8077,0
8078,4
8079,6
8080,1
8081,101
8082,5
8083,69
8084,2
8085,0
8086,16
8087,9
8088,12
8089,184
8090,1
8091,186
8092,35
8093,24
8094,26
8095,1
8096,57
8097,0
8098,0
8099,4
8100,24
8101,25
8102,2400
8103,6
8104,19
8105,0
8106,0
8107,0
8108,11
8109,97
8110,4
8111,29
8112,1
8113,0
8114,7
8115,78
8116,2
8117,71
8118,10
8119,3
8120,2
8121,51
8122,13
8123,357
8124,0
8125,0
8126,0
8127,11
8128,0
8129,22
8130,0
8131,0
8132,0
8133,1
8134,9
8135,0
8136,127
8137,3
8138,56
8139,0
8140,1416
8141,0
8142,6
8143,0
8144,5
8145,34
8146,5
8147,4
8148,0
8149,5
8150,182
8151,6
8152,0
8153,0
8154,90
8155,31
8156,0
8157,0
8158,48
8159,1
8160,10
8161,17
8162,0
8163,3
8164,3
8165,2
8166,77
8167,0
8168,7
8169,29
8170,4
8171,9
8172,12
8173,2
8174,14
8175,227
8176,191
8177,169
8178,0
8179,0
8180,583
8181,0
8182,0
8183,2
8184,140
8185,2
8186,120
8187,370
8188,44
8189,3
8190,112
8191,3
8192,1
8193,0
8194,15
8195,13
8196,173
8197,0
8198,6
8199,16
8200,3
8201,5
8202,1
8203,7
8204,0
8205,4
8206,258
8207,2
8208,12
8209,6
8210,10
8211,0
8212,56
8213,9
8214,83
8215,50
8216,7
8217,7
8218,6
8219,9
8220,0
8221,0
8222,5
8223,14
8224,1283
8225,3
8226,0
8227,0
8228,2813
8229,10
8230,1
8231,0
8232,0
8233,17
8234,19
8235,1
8236,0
8237,1
8238,4
8239,26
8240,0
8241,19
8242,3
8243,5
8244,5
8245,7
8246,0
8247,0
8248,20
8249,0
8250,2
8251,28
8252,2
8253,3
8254,0
8255,7
8256,8
8257,0
8258,0
8259,0
8260,0
8261,4
8262,18
8263,2
8264,0
8265,2
8266,10
8267,0
8268,0
8269,3
8270,3
8271,0
8272,11
8273,10
8274,4
8275,15
8276,2
8277,9
8278,3
8279,3312
8280,2
8281,16
8282,4
8283,567
8284,2
8285,0
8286,3
8287,7
8288,0
8289,6
8290,108
8291,0
8292,0
8293,138
8294,0
8295,2
8296,31
8297,5
8298,31
8299,3
8300,11
8301,40
8302,0
8303,0
8304,0
8305,1
8306,0
8307,7
8308,1
8309,234
8310,47
8311,111
8312,2
8313,7
8314,1
8315,0
8316,0
8317,83
8318,0
8319,4
8320,0
8321,0
8322,5
8323,0
8324,0
8325,5
8326,38
8327,3
8328,22
8329,6
8330,5
8331,0
8332,6
8333,0
8334,16
8335,37
8336,10
8337,1
8338,2
8339,12
8340,12
8341,4
8342,0
8343,1
8344,164
8345,15
8346,8
8347,0
8348,3
8349,3
8350,0
8351,38
8352,3
8353,2140
8354,0
8355,1
8356,10
8357,1
8358,1
8359,4
8360,3
8361,0
8362,9
8363,509
8364,31
8365,0
8366,1
8367,1
8368,45
8369,0
8370,8
8371,3
8372,112
8373,7
8374,0
8375,0
8376,0
8377,1
8378,38
8379,0
8380,308
8381,19
8382,0
8383,107
8384,1
8385,75
8386,2
8387,0
8388,1
8389,1
8390,0
8391,1
8392,0
8393,3
8394,22
8395,0
8396,12
8397,3
8398,21
8399,90
8400,0
8401,8
8402,0
8403,6
8404,0
8405,30
8406,0
8407,1
8408,6
8409,0
8410,19
8411,15
8412,5
8413,36
8414,5
8415,25
8416,105
8417,0
8418,1
8419,506
8420,4
8421,0
8422,0
8423,11
8424,134
8425,40
8426,16
8427,1
8428,0
8429,14
8430,0
8431,0
8432,4
8433,9
8434,26
8435,0
8436,0
8437,1
8438,0
8439,17
8440,61
8441,105
8442,23
8443,6
8444,6
8445,8
8446,0
8447,8
8448,5
8449,181
8450,26
8451,0
8452,1
8453,9
8454,15
8455,2
8456,23
8457,0
8458,33
8459,0
8460,8
8461,1
8462,1
8463,64
8464,0
8465,199
8466,175
8467,3
8468,9
8469,13
8470,1
8471,5
8472,4
8473,0
8474,2
8475,0
8476,0
8477,0
8478,113
8479,19
8480,171
8481,1
8482,3
8483,385
8484,0
8485,10
8486,4
8487,1
8488,0
8489,0
8490,72
8491,7
8492,0
8493,1
8494,0
8495,96
8496,0
8497,7
8498,4
8499,42
8500,82
8501,2
8502,1
8503,1
8504,223
8505,0
8506,37
8507,0
8508,19
8509,6
8510,7
8511,3208
8512,6
8513,18
8514,0
8515,6
8516,53
8517,6
8518,0
8519,0
8520,4
8521,0
8522,1
8523,2
8524,1
8525,21
8526,0
8527,2
8528,1
8529,0
8530,4
8531,8
8532,0
8533,1
8534,5
8535,2
8536,1
8537,9
8538,0
8539,109
8540,9
8541,2
8542,32
8543,1032
8544,1
8545,0
8546,280
8547,0
8548,13
8549,4
8550,11
8551,7
8552,1
8553,1
8554,46
8555,8
8556,0
8557,0
8558,0
8559,5
8560,52
8561,0
8562,41
8563,2
8564,9
8565,46
8566,12
8567,0
8568,8
8569,1
8570,9
8571,0
8572,165
8573,0
8574,7
8575,24
8576,4
8577,1366
8578,14
8579,33
8580,0
8581,1
8582,6
8583,1
8584,0
8585,7
8586,139
8587,0
8588,15
8589,73
8590,1
8591,13
8592,43
8593,1
8594,0
8595,0
8596,558
8597,0
8598,0
8599,4
8600,0
8601,0
8602,47
8603,2
8604,16
8605,27
8606,0
8607,13
8608,7
8609,12
8610,16
8611,2
8612,0
8613,1
8614,2
8615,19
8616,539
8617,0
8618,61
8619,2
8620,6
8621,40
8622,6
8623,21
8624,3
8625,0
8626,0
8627,13
8628,4
8629,8
8630,0
8631,62
8632,1
8633,2
8634,16
8635,13
8636,3
8637,34
8638,61
8639,2
8640,0
8641,8
8642,2
8643,0
8644,517
8645,0
8646,105
8647,1
8648,0
8649,0
8650,23
8651,1
8652,4
8653,4
8654,0
8655,51
8656,0
8657,5
8658,18
8659,2
8660,18
8661,29
8662,7
8663,0
8664,49
8665,0
8666,59
8667,3
8668,7
8669,0
8670,1
8671,37
8672,0
8673,59
8674,33
8675,23
8676,0
8677,3
8678,5
8679,0
8680,0
8681,1
8682,0
8683,5
8684,3
8685,24
8686,0
8687,0
8688,23
8689,0
8690,68
8691,15
8692,0
8693,433
8694,12
8695,639
8696,1
8697,0
8698,2
8699,0
8700,8
8701,140
8702,0
8703,0
8704,34
8705,1076
8706,9
8707,4
8708,81
8709,0
8710,15
8711,0
8712,184
8713,108
8714,74
8715,10
8716,142
8717,43
8718,52
8719,0
8720,5
8721,21
8722,15
8723,7
8724,25
8725,12
8726,120
8727,1
8728,3
8729,0
8730,55
8731,6
8732,2
8733,1
8734,9
8735,57
8736,0
8737,24
8738,121
8739,195
8740,3
8741,0
8742,23
8743,11
8744,0
8745,5
8746,0
8747,3
8748,398
8749,0
8750,0
8751,3
8752,0
8753,24
8754,0
8755,0
8756,0
8757,5
8758,2
8759,8
8760,104
8761,10
8762,0
8763,0
8764,74
8765,1
8766,4
8767,0
8768,26
8769,113
8770,1
8771,37
8772,26
8773,31
8774,0
8775,2
8776,0
8777,18
8778,0
8779,0
8780,0
8781,0
8782,945
8783,3
8784,0
8785,8
8786,0
8787,24
8788,6
8789,2
8790,9
8791,255
8792,45
8793,22
8794,0
8795,0
8796,121
8797,105
8798,0
8799,7
8800,77
8801,7
8802,5
8803,0
8804,0
8805,0
8806,347
8807,18
8808,16
8809,0
8810,0
8811,4
8812,388
8813,30
8814,159
8815,152
8816,48
8817,0
8818,69
8819,25
8820,0
8821,0
8822,43
8823,0
8824,0
8825,0
8826,3
8827,95
8828,245
8829,12
8830,6
8831,0
8832,67
8833,3
8834,4
8835,34
8836,46
8837,3
8838,17
8839,22
8840,0
8841,15
8842,7
8843,1
8844,63
8845,34
8846,11
8847,7
8848,306
8849,0
8850,0
8851,2
8852,79
8853,0
8854,1
8855,5
8856,0
8857,123
8858,15
8859,333
8860,0
8861,5
8862,50
8863,0
8864,6
8865,1
8866,0
8867,35
8868,16
8869,5
8870,2
8871,24
8872,79
8873,4
8874,2
8875,2
8876,1
8877,11
8878,2
8879,3
8880,0
8881,3
8882,197
8883,34
8884,0
8885,6
8886,15
8887,1
8888,22
8889,5
8890,3
8891,0
8892,0
8893,8
8894,107
8895,39
8896,20
8897,2
8898,0
8899,0
8900,3
8901,15
8902,0
8903,0
8904,0
8905,43
8906,1
8907,2
8908,43
8909,13
8910,0
8911,144
8912,12
8913,1
8914,3
8915,430
8916,5
8917,139
8918,4
8919,1
8920,170
8921,2
8922,13
8923,0
8924,16
8925,2
8926,19
8927,4
8928,125
8929,155
8930,0
8931,13
8932,45
8933,5
8934,0
8935,0
8936,7
8937,2
8938,1
8939,4
8940,83
8941,170
8942,18
8943,327
8944,0
8945,0
8946,5
8947,9
8948,66
8949,14
8950,109
8951,30
8952,0
8953,0
8954,18
8955,6
8956,24
8957,8
8958,0
8959,31
8960,127
8961,10
8962,48
8963,0
8964,4
8965,0
8966,69
8967,17
8968,1
8969,1
8970,1
8971,23
8972,75
8973,8
8974,2
8975,0
8976,24
8977,14
8978,10
8979,7
8980,4
8981,21
8982,1
8983,22
8984,3
8985,660
8986,30
8987,0
8988,5
8989,139
8990,0
8991,17
8992,0
8993,116
8994,8
8995,19
8996,495
8997,33
8998,1
8999,32
9000,2
9001,0
9002,0
9003,30
9004,0
9005,261
9006,35
9007,0
9008,7
9009,1
9010,5
9011,53
9012,6
9013,91
9014,1
9015,27
9016,1
9017,19
9018,0
9019,1
9020,0
9021,3
9022,1
9023,65
9024,7
9025,2
9026,3
9027,0
9028,0
9029,1
9030,6
9031,0
9032,1
9033,30
9034,0
9035,5
9036,0
9037,122
9038,13
9039,0
9040,610
9041,0
9042,6
9043,0
9044,49
9045,0
9046,0
9047,0
9048,1
9049,2
9050,886
9051,0
9052,12
9053,0
9054,3
9055,0
9056,413
9057,0
9058,25
9059,35
9060,21
9061,2
9062,4
9063,16
9064,49
9065,18
9066,7
9067,91
9068,514
9069,3
9070,0
9071,14
9072,14
9073,4
9074,1
9075,7
9076,1
9077,20
9078,30
9079,0
9080,19
9081,56
9082,37
9083,18
9084,22
9085,4
9086,24
9087,0
9088,10
9089,6
9090,45
9091,0
9092,149
9093,0
9094,5
9095,3
9096,9
9097,12
9098,4
9099,5
9100,2
9101,60
9102,0
9103,1
9104,0
9105,4
9106,18
9107,539
9108,1
9109,6
9110,0
9111,0
9112,110
9113,3
9114,5
9115,10
9116,62
9117,4
9118,1
9119,17
9120,35
9121,0
9122,3
9123,12
9124,3
9125,81
9126,9
9127,0
9128,18
9129,22
9130,7
9131,0
9132,1
9133,3
9134,29
9135,5
9136,12
9137,6
9138,0
9139,1
9140,32
9141,44
9142,0
9143,2
9144,0
9145,55
9146,307
9147,1
9148,401
9149,11
9150,496
9151,65
9152,9
9153,0
9154,14
9155,22
9156,0
9157,0
9158,2
9159,39
9160,6
9161,439
9162,448
9163,4
9164,2
9165,19
9166,6
9167,77
9168,0
9169,7
9170,5
9171,1
9172,0
9173,0
9174,1
9175,0
9176,0
9177,2
9178,5
9179,45
9180,103
9181,3
9182,28
9183,68
9184,32
9185,9
9186,0
9187,46
9188,36
9189,0
9190,3
9191,35
9192,5
9193,2
9194,135
9195,51
9196,0
9197,87
9198,546
9199,19
9200,272
9201,0
9202,24
9203,9
9204,0
9205,0
9206,33
9207,1
9208,0
9209,2
9210,164
9211,10
9212,0
9213,5
9214,0
9215,48
9216,6
9217,3
9218,38
9219,1
9220,7
9221,6
9222,5
9223,1
9224,706
9225,4
9226,50
9227,3
9228,63
9229,2
9230,0
9231,2
9232,18
9233,9
9234,25
9235,0
9236,5
9237,99
9238,0
9239,0
9240,3
9241,3
9242,3
9243,0
9244,56
9245,4
9246,0
9247,9
9248,73
9249,6
9250,3
9251,17
9252,2
9253,4
9254,11
9255,23
9256,13
9257,1
9258,11
9259,224
9260,37
9261,2
9262,0
9263,8
9264,5
9265,1
9266,0
9267,34
9268,25
9269,2
9270,87
9271,6
9272,0
9273,2
9274,160
9275,42
9276,0
9277,42
9278,0
9279,0
9280,3
9281,9
9282,33
9283,2
9284,14
9285,1
9286,3
9287,17
9288,9
9289,5
9290,23
9291,4
9292,2
9293,13
9294,52
9295,25
9296,367
9297,4
9298,0
9299,5
9300,0
9301,0
9302,13
9303,18
9304,0
9305,58
9306,0
9307,1
9308,0
9309,25
9310,10
9311,0
9312,134
9313,167
9314,3
9315,159
9316,6
9317,165
9318,3
9319,0
9320,11
9321,0
9322,25
9323,2
9324,169
9325,1
9326,4
9327,1
9328,0
9329,0
9330,38
9331,29
9332,32
9333,15
9334,4
9335,0
9336,0
9337,49
9338,103
9339,9
9340,1
9341,24
9342,1
9343,1
9344,4
9345,1
9346,10
9347,12
9348,25
9349,42
9350,21
9351,448
9352,31
9353,27
9354,4
9355,0
9356,1
9357,95
9358,5
9359,28
9360,123
9361,0
9362,3
9363,0
9364,22
9365,1
9366,0
9367,3
9368,0
9369,85
9370,51
9371,834
9372,0
9373,0
9374,0
9375,0
9376,13
9377,372
9378,14
9379,3
9380,0
9381,6
9382,1
9383,18
9384,6
9385,1
9386,0
9387,0
9388,14
9389,10
9390,0
9391,0
9392,3
9393,0
9394,2
9395,4
9396,0
9397,7
9398,6
9399,0
9400,0
9401,1
9402,72
9403,2
9404,0
9405,0
9406,0
9407,5
9408,118
9409,0
9410,2
9411,0
9412,5
9413,1
9414,3
9415,1
9416,21
9417,5
9418,1
9419,0
9420,0
9421,17
9422,30
9423,1
9424,0
9425,12
9426,0
9427,57
9428,4
9429,0
9430,193
9431,5
9432,193
9433,9
9434,0
9435,8
9436,3
9437,3
9438,1
9439,28
9440,0
9441,113
9442,3
9443,7
9444,8
9445,0
9446,0
9447,0
9448,9
9449,0
9450,3
9451,0
9452,4
9453,3
9454,4
9455,20
9456,217
9457,0
9458,19
9459,0
9460,0
9461,1
9462,2
9463,0
9464,24
9465,307
9466,202
9467,6
9468,0
9469,14
9470,6
9471,6
9472,5
9473,1
9474,380
9475,0
9476,0
9477,0
9478,0
9479,68
9480,0
9481,33
9482,12
9483,67
9484,3
9485,2
9486,2
9487,0
9488,4
9489,1
9490,80
9491,120
9492,5
9493,48
9494,0
9495,0
9496,197
9497,2
9498,1
9499,1
9500,2
9501,15
9502,2
9503,3
9504,0
9505,0
9506,1452
9507,406
9508,58
9509,80
9510,6
9511,0
9512,458
9513,15
9514,101
9515,30
9516,92
9517,2
9518,0
9519,43
9520,25
9521,49
9522,1
9523,0
9524,5
9525,1
9526,21
9527,7
9528,1
9529,3
9530,52
9531,2
9532,3
9533,7
9534,33
9535,0
9536,19
9537,2
9538,11
9539,1
9540,1
9541,0
9542,0
9543,2
9544,6
9545,78
9546,0
9547,17
9548,0
9549,6
9550,4
9551,1
9552,22
9553,0
9554,5
9555,1
9556,25
9557,0
9558,0
9559,35
9560,6
9561,121
9562,1
9563,3
9564,10
9565,305
9566,0
9567,7
9568,9
9569,0
9570,2
9571,7
9572,8
9573,3
9574,2
9575,8
9576,0
9577,3
9578,7
9579,10
9580,122
9581,18
9582,5
9583,22
9584,317
9585,0
9586,4
9587,7
9588,927
9589,141
9590,0
9591,2
9592,1
9593,3
9594,2
9595,150
9596,1
9597,6
9598,154
9599,0
9600,12
9601,0
9602,0
9603,27
9604,2
9605,1
9606,14
9607,5
9608,0
9609,6
9610,18
9611,4
9612,26
9613,8
9614,2
9615,0
9616,6
9617,13
9618,3
9619,0
9620,24
9621,6
9622,45
9623,0
9624,0
9625,4
9626,1
9627,5
9628,0
9629,16
9630,0
9631,11
9632,98
9633,1
9634,4
9635,2
9636,15
9637,0
9638,60
9639,2
9640,2
9641,12
9642,1
9643,11
9644,0
9645,29
9646,5
9647,12
9648,1
9649,6
9650,5
9651,0
9652,13
9653,20
9654,36
9655,3
9656,1
9657,0
9658,4
9659,0
9660,6
9661,167
9662,8
9663,8
9664,42
9665,3
9666,29
9667,1
9668,0
9669,0
9670,9
9671,0
9672,1
9673,2
9674,654
9675,8
9676,80
9677,1
9678,1
9679,0
9680,0
9681,1
9682,4
9683,4
9684,0
9685,0
9686,0
9687,26
9688,18
9689,8
9690,1
9691,18
9692,3
9693,0
9694,0
9695,0
9696,3
9697,0
9698,5
9699,1111
9700,1
9701,1
9702,14
9703,2
9704,10
9705,37
9706,22
9707,20
9708,10
9709,0
9710,5
9711,68
9712,0
9713,2
9714,10
9715,6
9716,22
9717,0
9718,5
9719,7
9720,0
9721,1
9722,0
9723,3
9724,183
9725,12
9726,0
9727,0
9728,3
9729,6
9730,1
9731,14
9732,1
9733,0
9734,1
9735,12
9736,1
9737,0
9738,0
9739,0
9740,16
9741,0
9742,5
9743,0
9744,127
9745,22
9746,11
9747,33
9748,7
9749,1
9750,431
9751,34
9752,11
9753,310
9754,695
9755,1
9756,150
9757,140
9758,7
9759,3
9760,3
9761,1882
9762,1
9763,280
9764,0
9765,0
9766,2
9767,0
9768,43
9769,13
9770,32
9771,43
9772,55
9773,3
9774,7
9775,0
9776,0
9777,7
9778,0
9779,14
9780,34
9781,1
9782,9
9783,0
9784,0
9785,0
9786,8
9787,36
9788,158
9789,15
9790,0
9791,0
9792,0
9793,7
9794,132
9795,4
9796,0
9797,7
9798,0
9799,2
9800,10
9801,69
9802,0
9803,11
9804,0
9805,21
9806,3
9807,4
9808,36
9809,0
9810,23
9811,3
9812,542
9813,0
9814,1
9815,7
9816,3
9817,0
9818,0
9819,3
9820,28
9821,1
9822,31
9823,5
9824,2
9825,0
9826,86
9827,0
9828,13
9829,0
9830,2
9831,3
9832,0
9833,4
9834,0
9835,3
9836,0
9837,3
9838,12
9839,0
9840,0
9841,4
9842,5
9843,2
9844,4
9845,2
9846,0
9847,15
9848,0
9849,13
9850,0
9851,15
9852,9
9853,9
9854,28
9855,0
9856,2
9857,1
9858,5
9859,21
9860,0
9861,0
9862,1
9863,122
9864,0
9865,0
9866,28
9867,3
9868,15
9869,1
9870,18
9871,4
9872,2
9873,53
9874,5
9875,5
9876,1
9877,7
9878,0
9879,9
9880,3
9881,118
9882,131
9883,5
9884,63
9885,0
9886,5
9887,0
9888,0
9889,0
9890,7
9891,1
9892,0
9893,0
9894,87
9895,10
9896,98
9897,0
9898,233
9899,0
9900,10
9901,0
9902,0
9903,0
9904,15
9905,0
9906,1
9907,86
9908,80
9909,73
9910,1
9911,21
9912,0
9913,1
9914,43
9915,20
9916,0
9917,0
9918,984
9919,32
9920,12
9921,32
9922,316
9923,4
9924,59
9925,0
9926,17
9927,1
9928,8
9929,8
9930,2
9931,32
9932,6
9933,12
9934,3
9935,0
9936,15
9937,0
9938,12
9939,1
9940,0
9941,18
9942,50
9943,19
9944,8
9945,0
9946,24
9947,8
9948,2
9949,1
9950,0
9951,190
9952,23
9953,0
9954,59
9955,2
9956,0
9957,21
9958,12
9959,684
9960,33
9961,0
9962,8
9963,16
9964,1
9965,2
9966,61
9967,0
9968,0
9969,103
9970,21
9971,0
9972,2690
9973,1
9974,9
9975,5
9976,0
9977,0
9978,26
9979,2
9980,37
9981,3
9982,2
9983,105
9984,120
9985,8
9986,31
9987,10
9988,46
9989,0
9990,1
9991,38
9992,2
9993,13
9994,3
9995,21
9996,18
9997,30
9998,0
9999,5
10000,9
10001,0
10002,1
10003,0
10004,1
10005,6
10006,0
10007,1821
10008,3
10009,1
10010,27
10011,0
10012,7
10013,9
10014,0
10015,2
10016,1
10017,0
10018,0
10019,0
10020,0
10021,15
10022,4
10023,0
10024,75
10025,18
10026,0
10027,16
10028,10
10029,5
10030,1
10031,0
10032,0
10033,2
10034,406
10035,1
10036,2
10037,15
10038,4
10039,11
10040,1
10041,16
10042,27
10043,0
10044,12
10045,0
10046,5
10047,10
10048,0
10049,0
10050,2
10051,0
10052,0
10053,3
10054,2
10055,53
10056,81
10057,18
10058,40
10059,9
10060,3
10061,97
10062,37
10063,0
10064,1
10065,12
10066,2
10067,157
10068,38
10069,2
10070,7
10071,62
10072,14
10073,6
10074,39
10075,0
10076,0
10077,4
10078,3
10079,25
10080,0
10081,0
10082,0
10083,4
10084,1
10085,0
10086,2
10087,67
10088,13
10089,42
10090,5
10091,0
10092,0
10093,7
10094,2
10095,93
10096,1
10097,12
10098,0
10099,26
10100,0
10101,14
10102,1
10103,3
10104,15
10105,12
10106,54
10107,21
10108,2
10109,7
10110,147
10111,42
10112,1
10113,0
10114,209
10115,0
10116,15
10117,0
10118,6
10119,0
10120,1
10121,0
10122,34
10123,9
10124,52
10125,37
10126,22
10127,0
10128,6
10129,20
10130,0
10131,7
10132,12
10133,0
10134,3
10135,35
10136,3
10137,540
10138,0
10139,2
10140,7
10141,3
10142,13
10143,36
10144,4
10145,4
10146,3
10147,16
10148,29
10149,9
10150,1
10151,8
10152,0
10153,6
10154,101
10155,16
10156,1
10157,102
10158,292
10159,30
10160,11
10161,1
10162,4
10163,11
10164,48
10165,4
10166,219
10167,109
10168,35
10169,1
10170,0
10171,27
10172,1
10173,4
10174,171
10175,10
10176,3
10177,19
10178,0
10179,0
10180,9
10181,3
10182,0
10183,1
10184,8
10185,0
10186,11
10187,0
10188,6
10189,13
10190,6
10191,2
10192,266
10193,0
10194,1
10195,0
10196,11
10197,2
10198,8
10199,1
10200,0
10201,6
10202,119
10203,12
10204,31
10205,1
10206,1
10207,12
10208,15
10209,19
10210,366
10211,177
10212,62
10213,12
10214,7
10215,3
10216,6
10217,0
10218,10
10219,55
10220,12
10221,17
10222,18
10223,0
10224,3
10225,46
10226,0
10227,0
10228,3
10229,19
10230,34
10231,6
10232,3
10233,45
10234,37
10235,2
10236,1
10237,0
10238,132
10239,0
10240,6
10241,3
10242,53
10243,13
10244,1
10245,5
10246,0
10247,3
10248,5
10249,1
10250,1
10251,91
10252,7
10253,8
10254,20
10255,2
10256,0
10257,145
10258,5
10259,17
10260,6
10261,49
10262,19
10263,5
10264,47
10265,64
10266,176
10267,0
10268,0
10269,212
10270,863
10271,0
10272,0
10273,196
10274,7
10275,0
10276,1
10277,3
10278,132
10279,2
10280,4
10281,3
10282,7
10283,0
10284,10
10285,12
10286,1
10287,91
10288,0
10289,0
10290,0
10291,8
10292,165
10293,5
10294,36
10295,9
10296,587
10297,34
10298,15
10299,7
10300,2
10301,0
10302,2
10303,24
10304,7
10305,0
10306,28
10307,17
10308,29
10309,0
10310,2
10311,26
10312,4
10313,0
10314,2
10315,3
10316,0
10317,8
10318,3
10319,1
10320,13
10321,0
10322,0
10323,0
10324,3
10325,1
10326,0
10327,1
10328,0
10329,0
10330,5
10331,2
10332,6
10333,0
10334,3
10335,30
10336,22
10337,1
10338,0
10339,189
10340,9
10341,114
10342,2
10343,0
10344,8
10345,0
10346,0
10347,13
10348,0
10349,0
10350,2
10351,3
10352,0
10353,2
10354,1
10355,4
10356,2
10357,0
10358,84
10359,0
10360,0
10361,350
10362,2
10363,1118
10364,11
10365,5
10366,7
10367,4
10368,0
10369,0
10370,5
10371,0
10372,23
10373,33
10374,9
10375,7
10376,23
10377,30
10378,1
10379,181
10380,27
10381,269
10382,78
10383,4
10384,1
10385,1
10386,21
10387,14
10388,52
10389,9
10390,10
10391,95
10392,36
10393,45
10394,4
10395,10
10396,2
10397,0
10398,1
10399,3
10400,2
10401,0
10402,0
10403,0
10404,2
10405,17
10406,4
10407,48
10408,11
10409,6
10410,182
10411,0
10412,10
10413,0
10414,11
10415,0
10416,3
10417,0
10418,1
10419,6
10420,12
10421,2
10422,796
10423,0
10424,0
10425,0
10426,0
10427,0
10428,0
10429,47
10430,30
10431,0
10432,0
10433,1
10434,0
10435,33
10436,5
10437,4
10438,2
10439,4
10440,0
10441,126
10442,0
10443,0
10444,3
10445,7
10446,0
10447,0
10448,0
10449,5
10450,116
10451,6
10452,1
10453,63
10454,230
10455,31
10456,13
10457,7
10458,0
10459,0
10460,1
10461,6
10462,0
10463,0
10464,74
10465,4
10466,532
10467,1
10468,0
10469,0
10470,9
10471,16
10472,0
10473,3
10474,0
10475,10
10476,0
10477,0
10478,12
10479,0
10480,0
10481,0
10482,7
10483,5
10484,56
10485,2
10486,0
10487,47
10488,189
10489,27
10490,59
10491,5
10492,5
10493,1
10494,11
10495,3
10496,23
10497,8
10498,1
10499,0
10500,3
10501,0
10502,1
10503,58
10504,0
10505,0
10506,37
10507,11
10508,6
10509,69
10510,0
10511,19
10512,39
10513,18
10514,14
10515,0
10516,0
10517,2959
10518,66
10519,0
10520,6
10521,1
10522,0
10523,25
10524,5
10525,5
10526,193
10527,7
10528,1
10529,511
10530,0
10531,0
10532,0
10533,1
10534,17
10535,1
10536,1
10537,929
10538,53
10539,11
10540,13
10541,1
10542,0
10543,145
10544,0
10545,2
10546,47
10547,0
10548,22
10549,10
10550,0
10551,0
10552,9
10553,0
10554,75
10555,54
10556,2
10557,12
10558,0
10559,770
10560,0
10561,0
10562,0
10563,42
10564,152
10565,6
10566,13
10567,11
10568,4
10569,0
10570,0
10571,0
10572,1
10573,3250
10574,6
10575,6
10576,19
10577,0
10578,60
10579,92
10580,19
10581,2
10582,0
10583,16
10584,30
10585,22
10586,1
10587,0
10588,0
10589,0
10590,1
10591,0
10592,0
10593,2
10594,2
10595,6
10596,8
10597,7
10598,0
10599,59
10600,4
10601,55
10602,1
10603,31
10604,0
10605,16
10606,0
10607,12
10608,0
10609,14
10610,4
10611,0
10612,0
10613,0
10614,6
10615,2
10616,0
10617,4
10618,0
10619,4
10620,5
10621,1
10622,5
10623,3
10624,1
10625,4
10626,2
10627,131
10628,3
10629,0
10630,0
10631,1012
10632,1
10633,10
10634,0
10635,2
10636,3
10637,9
10638,24
10639,0
10640,58
10641,57
10642,48
10643,118
10644,2
10645,30
10646,64
10647,25
10648,2
10649,26
10650,0
10651,19
10652,6
10653,169
10654,25
10655,0
10656,6
10657,8
10658,86
10659,0
10660,1
10661,2
10662,470
10663,0
10664,2
10665,12
10666,46
10667,10
10668,2
10669,5
10670,9
10671,11
10672,202
10673,0
10674,5
10675,2
10676,3
10677,71
10678,4
10679,7
10680,0
10681,1
10682,7
10683,86
10684,5
10685,74
10686,7
10687,3
10688,1
10689,1
10690,7
10691,123
10692,53
10693,12
10694,3
10695,1
10696,5
10697,1
10698,2
10699,28
10700,0
10701,17
10702,183
10703,10
10704,0
10705,2
10706,0
10707,16
10708,1
10709,8
10710,0
10711,268
10712,14
10713,0
10714,13
10715,853
10716,0
10717,7
10718,14
10719,13
10720,3
10721,88
10722,43
10723,0
10724,1
10725,23
10726,50
10727,154
10728,9
10729,0
10730,11
10731,0
10732,2
10733,7
10734,15
10735,11
10736,8
10737,25
10738,123
10739,2
10740,13
